disaster_id,storm_name,year,month,day,location,deaths,affected,displaced,damage_usd_thousands,damage_usd_adj_thousands,decade,damage_usd,damage_usd_adj,damage_billions,storm_name_clean
1980-0067-PHL,Joe,1980,7.0,21.0,Northern,31,600000,300000,15400.0,58620.0,1980s,15400000.0,58620000.0,0.0154,Joe
1980-0070-PHL,Kim,1980,7.0,25.0,Cagayan Valley (Northwestern),40,190000,0,,,1980s,0.0,,0.0,Kim
1980-0099-PHL,Betty (Aring),1980,11.0,6.0,North and Central Luzon,101,1004000,229000,102300.0,389407.0,1980s,102300000.0,389407000.0,0.1023,Betty (Aring)
1980-0132-PHL,(Biring),1980,3.0,20.0,,4,665,100,402.0,1530.0,1980s,402000.0,1530000.0,0.000402,(Biring)
1980-0133-PHL,(Ditang),1980,5.0,7.0,,0,3063,528,289.0,1100.0,1980s,289000.0,1100000.0,0.000289,(Ditang)
1980-0136-PHL,(Nitang/Osang),1980,7.0,19.0,,36,69237,10451,,,1980s,0.0,,0.0,(Nitang/Osang)
1981-0062-PHL,,1981,7.0,4.0,Oriental Mindoro,0,28500,3500,,,1980s,0.0,,0.0,Unnamed
1981-0083-PHL,Clara,1981,9.0,20.0,Northern Luzon,55,21905,3340,6700.0,23115.0,1980s,6700000.0,23115000.0,0.0067,Clara
1981-0101-PHL,Irma (Anding),1981,11.0,25.0,,261,840173,0,35000.0,120749.0,1980s,35000000.0,120749000.0,0.035,Irma (Anding)
1981-0112-PHL,Lee (Dinang),1981,12.0,25.0,"Samar, Mindoro, Luzon",250,180000,0,26000.0,89699.0,1980s,26000000.0,89699000.0,0.026,Lee (Dinang)
1981-0134-PHL,(Daling),1981,6.0,28.0,,210,15478,3356,7609.0,26251.0,1980s,7609000.0,26251000.0,0.007609,(Daling)
1981-0136-PHL,(Rubing),1981,8.0,16.0,,5,9721,1195,12908.0,44532.0,1980s,12908000.0,44532000.0,0.012908,(Rubing)
1981-0138-PHL,(Yeyeng),1981,11.0,17.0,,4,5736,67,167.0,576.0,1980s,167000.0,576000.0,0.000167,(Yeyeng)
1982-0037-PHL,Mamie,1982,3.0,22.0,S.E./N. Mindanao,117,16000,0,,,1980s,0.0,,0.0,Mamie
1982-0038-PHL,Nelson (Bising),1982,3.0,23.0,Central province,151,789031,304000,69000.0,224296.0,1980s,69000000.0,224296000.0,0.069,Nelson (Bising)
1982-0093-PHL,Faye,1982,8.0,25.0,West,70,25967,0,6500.0,21129.0,1980s,6500000.0,21129000.0,0.0065,Faye
1982-0101-PHL,(Ruping),1982,9.0,5.0,C./S. Luzon,65,50008,5599,,,1980s,0.0,,0.0,(Ruping)
1982-0111-PHL,Nancy (Weling),1982,10.0,12.0,North Luzon,96,64179,12464,32000.0,104021.0,1980s,32000000.0,104021000.0,0.032,Nancy (Weling)
1982-0173-PHL,(Akang),1982,3.0,18.0,,25,25099,1180,2400.0,7802.0,1980s,2400000.0,7802000.0,0.0024,(Akang)
1982-0174-PHL,(Emang),1982,7.0,12.0,,10,12319,431,4500.0,14628.0,1980s,4500000.0,14628000.0,0.0045,(Emang)
1982-0175-PHL,(Norming),1982,8.0,20.0,,29,36927,5365,4200.0,13653.0,1980s,4200000.0,13653000.0,0.0042,(Norming)
1982-0176-PHL,(Aning),1982,12.0,2.0,Visayan Sea region,0,85,44,5.0,16.0,1980s,5000.0,16000.0,5e-06,(Aning)
1983-0096-PHL,Vera (Bebeng),1983,7.0,14.0,Southeast Luzon,115,149892,29054,1640.0,5165.0,1980s,1640000.0,5165000.0,0.00164,Vera (Bebeng)
1983-0219-PHL,Ellen (Herming),1983,9.0,3.0,,3,1684,195,430.0,1354.0,1980s,430000.0,1354000.0,0.00043,Ellen (Herming)
1983-0220-PHL,Orchid (Warling),1983,11.0,17.0,,8,18854,611,2250.0,7086.0,1980s,2250000.0,7086000.0,0.00225,Orchid (Warling)
1984-0073-PHL,June (Maring),1984,8.0,27.0,"Northern Luzon, Pangasinan province",138,483747,7745,23000.0,69451.0,1980s,23000000.0,69451000.0,0.023,June (Maring)
1984-0105-PHL,Agnes (Undang),1984,11.0,3.0,"Capiz, Ilailo, Aklau, Antique, Leyte, Eastern Samar, Roxas, Tacloban",1079,2261900,765965,96600.0,291696.0,1980s,96600000.0,291696000.0,0.0966,Agnes (Undang)
1984-0185-PHL,Ike (Nitang) and Maring,1984,9.0,1.0,"Surigao del Norte, Bohol Isl, Mindanao, Negros Occidental, Cebu provinces",1399,1786865,547076,216700.0,654353.0,1980s,216700000.0,654353000.0,0.2167,Ike (Nitang) and Maring
1984-0186-PHL,Warren (Reming),1984,10.0,23.0,,63,2694,740,190.0,574.0,1980s,190000.0,574000.0,0.00019,Warren (Reming)
1985-0124-PHL,Dot (Saling),1985,10.0,15.0,"Aurora, Nueva Ecija, Tarlac, Bur Lacan provinces (Central Luzon)",81,1183626,0,62373.0,181894.0,1980s,62373000.0,181894000.0,0.062373,Dot (Saling)
1985-0190-PHL,Hal (Kuring) and Irma (Daling),1985,6.0,20.0,"Luzon, Ilocos Sur, Ilocos Norte, Benguet, Nueva Ecija, Bataan, Zambales, Vigan, Bantay, San Esteban, Laoag, Bagio city, Pampanga",100,420200,200,20000.0,58325.0,1980s,20000000.0,58325000.0,0.02,Hal (Kuring) and Irma (Daling)
1985-0192-PHL,Tess (Miling),1985,9.0,1.0,,5,148,56,660.0,1925.0,1980s,660000.0,1925000.0,0.00066,Tess (Miling)
1986-0080-PHL,Peggy (Gading),1986,7.0,9.0,"Ilocos, centra Luzon, Southern Tagalos, Metro Manilla",109,647313,2689,30710.0,87889.0,1980s,30710000.0,87889000.0,0.03071,Peggy (Gading)
1986-0104-PHL,Wayne (Miding),1986,9.0,2.0,"Pangasinan, Bataan, Bulacan, Pampanga, Benguet, Abra, Zambales, Metro Manila",23,482704,0,13150.0,37634.0,1980s,13150000.0,37634000.0,0.01315,Wayne (Miding)
1986-0122-PHL,Dom (Oyang),1986,10.0,6.0,"Muntinlupa, Metro Manila, Bulacan",22,82555,0,1200.0,3434.0,1980s,1200000.0,3434000.0,0.0012,Dom (Oyang)
1986-0151-PHL,Ellen (Daling),1986,10.0,10.0,,4,3134,52,1400.0,4007.0,1980s,1400000.0,4007000.0,0.0014,Ellen (Daling)
1986-0152-PHL,Georgia (Ruping),1986,10.0,17.0,,2,308,49,36000.0,103029.0,1980s,36000000.0,103029000.0,0.036,Georgia (Ruping)
1986-0153-PHL,Narge (Aning),1986,12.0,20.0,,16,26722,3843,4000.0,11448.0,1980s,4000000.0,11448000.0,0.004,Narge (Aning)
1987-0146-PHL,Betty (Herming),1987,8.0,8.0,"Batangas, Laguna, Bicol, Mindoro, Cavite, Luzon",85,1269825,297900,98600.0,272209.0,1980s,98600000.0,272209000.0,0.0986,Betty (Herming)
1987-0197-PHL,Lynn (Pedang),1987,10.0,21.0,"Cagayan, Ilocos Norte, Kalin-Aapayo province",100,78979,18396,25000.0,69018.0,1980s,25000000.0,69018000.0,0.025,Lynn (Pedang)
1987-0212-PHL,Nina (Sisang),1987,11.0,23.0,"Region IV, Marinduque, Quezon, Laguna, Batangas, Region V, Sorgoson, Albay, Battan, Cavite, Masbaten Camarines Sur, Leyte, Northern Samar",882,1819112,0,56000.0,154601.0,1980s,56000000.0,154601000.0,0.056,Nina (Sisang)
1987-0239-PHL,Cart (Ising),1987,8.0,13.0,,5,13336,89,5600.0,15460.0,1980s,5600000.0,15460000.0,0.0056,Cart (Ising)
1987-0240-PHL,Phillis (Trining),1987,12.0,14.0,,22,56380,8754,8500.0,23466.0,1980s,8500000.0,23466000.0,0.0085,Phillis (Trining)
1988-0231-PHL,Susan (Biring),1988,5.0,30.0,,36,56000,0,1000.0,2653.0,1980s,1000000.0,2653000.0,0.001,Susan (Biring)
1988-0312-PHL,Warren (Huaning),1988,7.0,16.0,Northern Luzon,6,117355,21235,11516.0,30547.0,1980s,11516000.0,30547000.0,0.011516,Warren (Huaning)
1988-0480-PHL,Ruby (Unsang),1988,10.0,21.0,"Tarlac, Southern Tagalog, Metro Manila, Albay, Cebu, Cagayan de Oro provinces",416,3250208,0,240500.0,637944.0,1980s,240500000.0,637944000.0,0.2405,Ruby (Unsang)
1988-0506-PHL,Skip (Yoning),1988,11.0,5.0,"Manilla, Tagalog, Bicol, western Visayas",289,1045029,45000,149060.0,395393.0,1980s,149060000.0,395393000.0,0.14906,Skip (Yoning)
1988-0557-PHL,Tess (Welpring),1988,11.0,1.0,,41,28913,86,940.0,2493.0,1980s,940000.0,2493000.0,0.00094,Tess (Welpring)
1989-0120-PHL,Gordon (Goring),1989,7.0,15.0,"Ilocos Sur, Ilocos Norte, Cagayan, Isabela, Nueva Vizcaya, La Union",97,486382,0,61000.0,154356.0,1980s,61000000.0,154356000.0,0.061,Gordon (Goring)
1989-0125-PHL,Dan (Saling),1989,10.0,9.0,"Albay, Bataan, Batangas, Bulacan, Camarines norte, Camarnies Sur, Cavite, Esatern Samar, Laguna, Marinduque, Masbate, Northern Leyte, Northern Samar, Nueva Ecija, Pampanga, Quezon, Rizal, Samar, Sorgoson, southern Leyte, Zambales, national capital region",58,736605,76500,59200.0,149801.0,1980s,59200000.0,149801000.0,0.0592,Dan (Saling)
1989-0126-PHL,Elsie (Tasing),1989,10.0,14.0,"Bataan, Benguet, Ifugao, Isabela, Kalinga-Apayao, La Union, Nueva Vizcaya, Pangasinan, Cagayan, Ilocios Sur, Neava Ecija, Quirino provinces, National capital region",30,458679,0,35400.0,89577.0,1980s,35400000.0,89577000.0,0.0354,Elsie (Tasing)
1989-0127-PHL,Angela (Rubing),1989,10.0,2.0,"Cagayan, Ilocos Norte, Kalinga-Apayao, Nueva Viscayas provinces",147,289191,84000,8000.0,20243.0,1980s,8000000.0,20243000.0,0.008,Angela (Rubing)
1989-0129-PHL,Sarah (Openg),1989,9.0,7.0,"Benguet, Ilocos Norte, Ilocos Sur, Kalinga Apayao, La Union, Zambales",22,140021,0,4300.0,10881.0,1980s,4300000.0,10881000.0,0.0043,Sarah (Openg)
1989-0132-PHL,Hunt (Unsing),1989,11.0,22.0,"Battan, Bulacan, Pampanga, North Metro Manila, Calauag Popillio Isl., northern Samar, Neava Ecija, Quezon, Rizal, Tarlac provinces",11,13050,212,325.0,822.0,1980s,325000.0,822000.0,0.000325,Hunt (Unsing)
1989-0187-PHL,Breda (Bining),1989,5.0,15.0,,13,12937,652,2860.0,7237.0,1980s,2860000.0,7237000.0,0.00286,Breda (Bining)
1990-0025-PHL,Ofelia (Biring) & Percy,1990,6.0,22.0,North and Eastern Luzon,64,160014,0,,,1990s,0.0,,0.0,Ofelia (Biring) & Percy
1990-0122-PHL,Mike (Ruping),1990,11.0,12.0,"Samar, Masbate provinces, Palwan, Iloilo, Negros occidental, Cebu",503,6159569,1110020,388500.0,932724.0,1990s,388500000.0,932724000.0,0.3885,Mike (Ruping)
1990-0400-PHL,Becky,1990,8.0,28.0,,85,0,0,,,1990s,0.0,,0.0,Becky
1990-0401-PHL,Abe,1990,8.0,30.0,North,85,0,0,,,1990s,0.0,,0.0,Abe
1990-0687-PHL,Dot,1990,9.0,8.0,,0,0,0,,,1990s,0.0,,0.0,Dot
1991-0174-PHL,Brendan,1991,7.0,22.0,Near Tuguegaro (Pinatubo region),2,10000,10000,,,1990s,0.0,,0.0,Brendan
1991-0382-PHL,Ruth (Trining),1991,10.0,27.0,Luzon Isl.,65,316038,16000,90000.0,207296.0,1990s,90000000.0,207296000.0,0.09,Ruth (Trining)
1991-0383-PHL,Thelma (Uring),1991,11.0,5.0,"Bago, La Cariota, Bacalod (Negros) and Leyte",5956,647254,45750,100000.0,230329.0,1990s,100000000.0,230329000.0,0.1,Thelma (Uring)
1991-0517-PHL,Zeke (Etang),1991,7.0,10.0,"Catanduanes, Albay, Quezon Provinces (Southern Luzon Isl.)",47,505777,0,85000.0,195780.0,1990s,85000000.0,195780000.0,0.085,Zeke (Etang)
1991-0521-PHL,Amy,1991,7.0,18.0,"Pampanga, Tarlac provinces",4,2500,2500,,,1990s,0.0,,0.0,Amy
1991-0525-PHL,Caitlin,1991,7.0,26.0,"Concepcion, Floridablanca, Manila",9,90296,0,,,1990s,0.0,,0.0,Caitlin
1992-0295-PHL,Eli (Konsing),1992,7.0,11.0,"Aurora, Zambales, Nueva Ecija, Nueva Vizcaya, Pangasinan, La Union, Benguet, Ifugao, Isabela, Tarlac provinces",22,5135,0,,,1990s,0.0,,0.0,Eli (Konsing)
1992-0296-PHL,Gary,1992,7.0,20.0,Regions III and NCR,42,134494,0,,,1990s,0.0,,0.0,Gary
1992-0492-PHL,Omar (Lusing),1992,8.0,31.0,Luzon Isl.,11,173569,1965,,,1990s,0.0,,0.0,Omar (Lusing)
1993-0055-PHL,Koryn (Goring),1993,6.0,26.0,"Cordillera autonomous region (including Bagio city), Regions I-IV (including Metro Manilla)",2,43735,14322,442.0,960.0,1990s,442000.0,960000.0,0.000442,Koryn (Goring)
1993-0077-PHL,Flo (Kadiang),1993,10.0,4.0,"Pampanga, Nueva Viscaya, Tarlac, Cagayan, Cavite, Bataan, Bulacan, Pangasinan, Nueva Ecija, Metro Manilla provinces",124,1941566,0,188000.0,408239.0,1990s,188000000.0,408239000.0,0.188,Flo (Kadiang)
1993-0087-PHL,Lola (Monang) and Manny (Naning),1993,12.0,6.0,"Catanduanes, Camarines Sur, Camarines Norte, Albay, Marinduque, Mindoro Oriental, Quezon, Laguna, Batangas, Rizal provinces (Bicol peninsula, Luzon) Visayas, Masbate, Sorgoson, Occidental Mindoro, Romblon",311,1159802,164800,50000.0,108574.0,1990s,50000000.0,108574000.0,0.05,Lola (Monang) and Manny (Naning)
1993-0088-PHL,Kyle,1993,11.0,20.0,,1,0,0,2000.0,4343.0,1990s,2000000.0,4343000.0,0.002,Kyle
1993-0228-PHL,Nell (Puring),1993,12.0,26.0,"Capiz, iloilo, Negros Oriental, Bohol, Cebu, Agusan del Norte, Cagayan de Oro, Caniguin, Southern Leyte, Surigao del Norte, Davao del Norte, Misamis Oriental",52,366224,0,17000.0,36915.0,1990s,17000000.0,36915000.0,0.017,Nell (Puring)
1994-0034-PHL,Owen (Bising),1994,4.0,9.0,"Negros Occidental, Cebu, Surigao del Sur, Palawan, Calaian",15,105746,59213,,,1990s,0.0,,0.0,Owen (Bising)
1994-0071-PHL,Yunya (Norming),1994,7.0,19.0,"Pampanga, Bulacan, Bataan, Zambales, Tarlac, Ilocos Sur, Olongapo, Angeles",11,420728,0,37600.0,79573.0,1990s,37600000.0,79573000.0,0.0376,Yunya (Norming)
1994-0072-PHL,Tim (Iliang),1994,7.0,10.0,"La Union, Pangasinan, Ilocos Sur, Ilocos Norte provinces, Laoag city (Luzon)",17,166585,0,1000.0,2116.0,1990s,1000000.0,2116000.0,0.001,Tim (Iliang)
1994-0073-PHL,Sharon (Gading),1994,6.0,23.0,"Metro Manila, Aurora, Nueva Ecija, Pampanga, Tarlac, Zambales provinces (Luzon)",2,23952,0,,,1990s,0.0,,0.0,Sharon (Gading)
1994-0074-PHL,Caitlin (Pasing),1994,8.0,2.0,"Pampanga, Zambales, Metro Manila (Luzon)",11,14000,0,,,1990s,0.0,,0.0,Caitlin (Pasing)
1994-0215-PHL,Luke (Weling),1994,9.0,10.0,"Papoay, San Nicolas, Pasuquin municipalities (locos Norte province), Cagayan province",7,54674,0,3900.0,8254.0,1990s,3900000.0,8254000.0,0.0039,Luke (Weling)
1994-0313-PHL,Oyang,1994,7.0,15.0,"Pinatubo, Luzon",39,0,0,1700.0,3598.0,1990s,1700000.0,3598000.0,0.0017,Oyang
1994-0519-PHL,Teresa (Katring),1994,10.0,18.0,"Arora, Quezon, Laguna, Batangas, Rizal, Cavite, Bulacan, Bataan, Oriental Mindoro, Occidental Mindoro provinces (Luzon)",32,258751,258736,67400.0,142639.0,1990s,67400000.0,142639000.0,0.0674,Teresa (Katring)
1994-0594-PHL,Axel (Garding),1994,12.0,19.0,"Leyte, Cebu Isl., Surigao, Luzon, Iloilo, Bacolod",49,867923,0,26813.0,56744.0,1990s,26813000.0,56744000.0,0.026813,Axel (Garding)
1994-0756-PHL,Vanessa,1994,7.0,7.0,Kalinga-Apayao province,3,5300,0,,,1990s,0.0,,0.0,Vanessa
1995-0187-PHL,Kent (Gening),1995,8.0,28.0,"Regions I, II, III, IV, V, Metro Manilla",6,195886,0,,,1990s,0.0,,0.0,Kent (Gening)
1995-0247-PHL,Sybil (Mameng),1995,10.0,9.0,"Pampanga, Pangasinan, Bulacan, Laguna, Marinduque, Quezon, Barangas, Cavite, Albay, Antique, Cebu, Leyte, Siquijor, Bukidnon provinces and National Capital region",184,864437,106000,38100.0,78431.0,1990s,38100000.0,78431000.0,0.0381,Sybil (Mameng)
1995-0271-PHL,Angela (Rosing),1995,11.0,3.0,"Luzon, Visayas, Calauag",882,1599588,0,244000.0,502287.0,1990s,244000000.0,502287000.0,0.244,Angela (Rosing)
1995-0272-PHL,Zack (Pepang),1995,10.0,28.0,"Leyte, Samar, Central Visayas, Panays Islands, Palawan",146,348053,0,30000.0,61757.0,1990s,30000000.0,61757000.0,0.03,Zack (Pepang)
1995-0486-PHL,Karing,1995,7.0,29.0,"Pampanga, Zambales, Tarlac (Luzon province)",0,20000,0,5000.0,10293.0,1990s,5000000.0,10293000.0,0.005,Karing
1996-0108-PHL,Gloria,1996,7.0,15.0,"Quzeon, Aurora, Quirino, Nueva Vizcaya, Isabela, Cagayan, Batanes, La Union, Ilocos Norte, Ilocos Sur (Luzon Isl.)",26,36828,0,38000.0,75997.0,1990s,38000000.0,75997000.0,0.038,Gloria
1997-0180-PHL,Winnie,1997,8.0,18.0,All country,18,53659,0,5000.0,9771.0,1990s,5000000.0,9771000.0,0.005,Winnie
1997-0203-PHL,Bining,1997,5.0,24.0,"Manilla, Luzon",30,309111,0,2500.0,4886.0,1990s,2500000.0,4886000.0,0.0025,Bining
1997-0252-PHL,Ivan,1997,10.0,20.0,Cagayan Prov.,1,4000,0,,,1990s,0.0,,0.0,Ivan
1998-0296-PHL,Vicky and Todd (Emang and Gading),1998,9.0,18.0,"North and Central Luzon Isl., cordillera Autonomous Region, central Visayas Isl., National Capital Region",118,1749436,0,87038.0,167494.0,1990s,87038000.0,167494000.0,0.087038,Vicky and Todd (Emang and Gading)
1998-0309-PHL,Zeb (Iliang),1998,10.0,13.0,Town Of Tabuk Level 2 = Kalinga-Apayao (from GENAME),75,1344619,0,50000.0,96219.0,1990s,50000000.0,96219000.0,0.05,Zeb (Iliang)
1998-0314-PHL,Babs (Loleng),1998,10.0,21.0,Albay,332,3902424,0,71000.0,136631.0,1990s,71000000.0,136631000.0,0.071,Babs (Loleng)
1998-0404-PHL,Faith (Norming),1998,12.0,11.0,"E and W Samar, Cagayan, Pampanga, Bulacan, Isabela, Quenzon, W Mindoro, Palawan, Masbate, Albay, Sorsogon, Catanduanes, Aklan, Capiz, Antique, Iloilo, Leyte",69,326520,0,27399.0,52726.0,1990s,27399000.0,52726000.0,0.027399,Faith (Norming)
1999-0390-PHL,Dan (Pepang),1999,10.0,5.0,"Provinces Of Cagayan, Ilocos, Sur, Pangasinan, La Union",7,41933,4711,1800.0,3390.0,1990s,1800000.0,3390000.0,0.0018,Dan (Pepang)
2000-0257-PHL,Biring,2000,5.0,18.0,"National Capital region (NCR), Region III (Central Luzon) provinces",12,235889,0,1201.0,2188.0,2000s,1201000.0,2188000.0,0.001201,Biring
2000-0396-PHL,Kirogi,2000,7.0,5.0,National Capital region (NCR) province,11,120000,120000,7500.0,13662.0,2000s,7500000.0,13662000.0,0.0075,Kirogi
2000-0397-PHL,Kai-Tak (Edeng),2000,7.0,7.0,"Caloocan, Manioma, Quezon cities (Metropolitan Manila district, National Capital region (NCR) province), Mindoro Oriental district (Region IV (Southern Tagalog) province), Cavite, Rizal districts (Region IV-A (Calabarzon) province), Iloilo, Negros Occidental districts (Region VI (Western Visayas) province), Region I (Ilocos region), Region III (Central Luzon) provinces",75,1483321,0,25763.0,46931.0,2000s,25763000.0,46931000.0,0.025763,Kai-Tak (Edeng)
2000-0706-PHL,Xangsane (Reming),2000,10.0,28.0,"Cavite district (Region IV-A (Calabarzon) province), Sorsogon, Catanduanes, Albay districts (Region V (Bicol region) province), Metropolitan Manila district (National Capital region (NCR) province), Samar districts (Region VIII (Eastern Visayas) province)",154,2436256,0,17000.0,30968.0,2000s,17000000.0,30968000.0,0.017,Xangsane (Reming)
2000-0715-PHL,Bebinca (Seniang),2000,11.0,3.0,"Metropolitan Manila district (National Capital region (NCR) province), Rizal, Laguna districts (Region IV-A (Calabarzon) province), Cagayan, Nueva Vizcaya districts (Region II (Cagayan Valley) province)",94,1747872,0,31000.0,56471.0,2000s,31000000.0,56471000.0,0.031,Bebinca (Seniang)
2000-0788-PHL,Rumbia (Toyang),2000,11.0,30.0,"Autonomous region in Muslim Mindanao (ARMM), Region VI (Western Visayas), Region VII (Central Visayas), Region VIII (Eastern Visayas), Region IX (Zamboanga Peninsula), Region X (Northern Mindanao), Region XI (Davao Region), Region XII (Soccsksargen), Region XIII (Caraga) provinces Central Philippines",48,164093,0,1000.0,1822.0,2000s,1000000.0,1822000.0,0.001,Rumbia (Toyang)
2001-0054-PHL,Auring,2001,2.0,17.0,"Region VI (Western Visayas), Region VII (Central Visayas), Region VIII (Eastern Visayas), Autonomous region in Muslim Mindanao (ARMM), Region IX (Zamboanga Peninsula), Region X (Northern Mindanao), Region XI (Davao Region), Region XII (Soccsksargen), Region XIII (Caraga) provinces",55,100084,100000,6000.0,10630.0,2000s,6000000.0,10630000.0,0.006,Auring
2001-0319-PHL,Utor (Feria),2001,7.0,,"Region I (Ilocos region), Region II (Cagayan Valley), Region III (Central Luzon), Region IV (Southern Tagalog), Region VIII (Eastern Visayas), Cordillera Administrative region (CAR), National Capital region (NCR) provinces",232,1902654,0,68565.0,121469.0,2000s,68565000.0,121469000.0,0.068565,Utor (Feria)
2001-0614-PHL,Lingling (Nanang),2001,11.0,8.0,"Camiguin, Misamis Oriental districts (Region X (Northern Mindanao) province)",290,1060147,0,22700.0,40215.0,2000s,22700000.0,40215000.0,0.0227,Lingling (Nanang)
2001-0758-PHL,Kajiki (Quedan),2001,12.0,5.0,"Cebu district (Region VII (Central Visayas) province), Leyte district (Region VIII (Eastern Visayas) province)",6,54840,0,96.0,170.0,2000s,96000.0,170000.0,9.6e-05,Kajiki (Quedan)
2002-0408-PHL,Chata'an,2002,7.0,7.0,National Capital region (NCR) province,33,700041,0,1000.0,1744.0,2000s,1000000.0,1744000.0,0.001,Chata'an
2002-0423-PHL,Halong (Anday),2002,7.0,13.0,"Cordillera Administrative region (CAR), National Capital region (NCR), Region I (Ilocos region), Region II (Cagayan Valley), Region III (Central Luzon), Region IV (Southern Tagalog), Region IV-A (Calabarzon), Region V (Bicol region) provinces",62,11000,0,5664.0,9878.0,2000s,5664000.0,9878000.0,0.005664,Halong (Anday)
2002-0528-PHL,Rammasun (Florita),2002,6.0,28.0,National Capital region (NCR) province,7,3000,3000,,,2000s,0.0,,0.0,Rammasun (Florita)
2003-0258-PHL,Linfa (Chedeng),2003,5.0,26.0,"Benguet district (Cordillera Administrative region (CAR) province), Bataan, Bulacan, Zambales districts (Region III (Central Luzon) province), Mindoro Occidental, Romblon districts (Region IV (Southern Tagalog) province), Batangas, Cavite, Rizal districts (Region IV-A (Calabarzon) province), Iloilo district (Region VI (Western Visayas) province), National Capital region (NCR), Region I (Ilocos region) provinces",51,13909,2548,4000.0,6821.0,2000s,4000000.0,6821000.0,0.004,Linfa (Chedeng)
2003-0290-PHL,Soudelor (Egay),2003,6.0,15.0,"Sorsogon, Albay, Catanduanes, Camarines Sur districts (Region V (Bicol region) province), Biliran, Leyte districts (Region VIII (Eastern Visayas) province)",13,127130,80655,2455.0,4186.0,2000s,2455000.0,4186000.0,0.002455,Soudelor (Egay)
2003-0346-PHL,Imbudo,2003,7.0,19.0,"Maguindanao district (Autonomous region in Muslim Mindanao (ARMM) province), North Cotabato, Sultan Kudarat districts (Region XII (Soccsksargen) province), Isabela district (Region II (Cagayan Valley) province), Ilocos Norte district (Region I (Ilocos region) province), Romblon district (Region IV (Southern Tagalog) province)",21,14280,0,26468.0,45134.0,2000s,26468000.0,45134000.0,0.026468,Imbudo
2003-0822-PHL,Gilas (Koni),2003,7.0,15.0,"Region IV (Southern Tagalog), Region VIII (Eastern Visayas) provinces",8,116602,0,1499.0,2556.0,2000s,1499000.0,2556000.0,0.001499,Gilas (Koni)
2003-0823-PHL,Ineng,2003,7.0,30.0,"Region V (Bicol region), Region VIII (Eastern Visayas), Region X (Northern Mindanao) provinces",0,3748,0,146.0,249.0,2000s,146000.0,249000.0,0.000146,Ineng
2003-0824-PHL,Kabayan,2003,8.0,4.0,Region III (Central Luzon) province,0,155147,0,661.0,1127.0,2000s,661000.0,1127000.0,0.000661,Kabayan
2004-0218-PHL,Nida (Dindo/04W),2004,5.0,13.0,Region V (Bicol region) province,31,714,700,1000.0,1661.0,2000s,1000000.0,1661000.0,0.001,Nida (Dindo/04W)
2004-0309-PHL,Mindulle (Igme/10W),2004,6.0,25.0,"Cagayan district (Region II (Cagayan Valley) province), Ilocos Norte, La Union districts (Region I (Ilocos region) province), Autonomous region in Muslim Mindanao (ARMM), Region IX (Zamboanga Peninsula), Region X (Northern Mindanao), Region XI (Davao Region), Region XII (Soccsksargen), Region XIII (Caraga) provinces",28,385012,0,19667.0,32662.0,2000s,19667000.0,32662000.0,0.019667,Mindulle (Igme/10W)
2004-0435-PHL,Aere (Marce/20W),2004,8.0,25.0,"Benguet, Ifugao districts (Cordillera Administrative region (CAR) province), La Union, Pangasinan districts (Region I (Ilocos region) province), Nueva Vizcaya district (Region II (Cagayan Valley) province), Bataan, Bulacan, Nueva Ecija, Pampanga, Tarlac, Zambales districts (Region III (Central Luzon) province), Rizal district (Region IV-A (Calabarzon) province)",35,1058849,0,,,2000s,0.0,,0.0,Aere (Marce/20W)
2004-0580-PHL,Muifa (Unding/29W),2004,11.0,14.0,"Mindoro Occidental, Mindoro Oriental districts (Region IV (Southern Tagalog) province), Region IV-A (Calabarzon), Region V (Bicol region) provinces",104,838674,0,6000.0,9965.0,2000s,6000000.0,9965000.0,0.006,Muifa (Unding/29W)
2004-0602-PHL,Merbok (Violeta),2004,11.0,23.0,Aurora district (Region III (Central Luzon) province),29,2014,2000,,,2000s,0.0,,0.0,Merbok (Violeta)
2004-0609-PHL,Winnie,2004,11.0,29.0,"Real, Infanta, General Nakar areas (Quezon district, Region IV-A (Calabarzon) province), Isabela district (Region II (Cagayan Valley) province), Bulacan, Nueva Ecija, Aurora districts (Region III (Central Luzon) province), Rizal district (Region IV-A (Calabarzon) province), Camarines Sur district (Region V (Bicol region) province)",1619,881023,0,78200.0,129871.0,2000s,78200000.0,129871000.0,0.0782,Winnie
2004-0618-PHL,Nanmadol (Yoyong/30W),2004,11.0,30.0,Region V (Bicol region) province,8,70488,0,34000.0,56466.0,2000s,34000000.0,56466000.0,0.034,Nanmadol (Yoyong/30W)
2005-0120-PHL,Roke (Auring/02W),2005,3.0,15.0,Leyte district (Region VIII (Eastern Visayas) province),18,11,0,,,2000s,0.0,,0.0,Roke (Auring/02W)
2005-0540-PHL,Damrey,2005,9.0,15.0,"Cordillera Administrative region (CAR), National Capital region (NCR), Region I (Ilocos region), Region II (Cagayan Valley), Region III (Central Luzon), Region IV (Southern Tagalog), Region IV-A (Calabarzon), Region V (Bicol region) provinces",16,20000,0,2000.0,3213.0,2000s,2000000.0,3213000.0,0.002,Damrey
2006-0251-PHL,Chanchu (Caloy),2006,5.0,11.0,"Region IV (Southern Tagalog), Region V (Bicol region), Region VI (Western Visayas), Region VII (Central Visayas), Region VIII (Eastern Visayas) provinces",41,42000,0,3328.0,5179.0,2000s,3328000.0,5179000.0,0.003328,Chanchu (Caloy)
2006-0362-PHL,Bilis,2006,7.0,11.0,"Cordillera Administrative region (CAR), Region I (Ilocos region), Region II (Cagayan Valley) provinces",37,51680,0,3000.0,4668.0,2000s,3000000.0,4668000.0,0.003,Bilis
2006-0388-PHL,Kaemi,2006,7.0,24.0,Region III (Central Luzon) province,4,200355,0,471.0,733.0,2000s,471000.0,733000.0,0.000471,Kaemi
2006-0410-PHL,Typhoon 'Prapiroon' (Henry/T0606),2006,8.0,2.0,Quirino district (Region II (Cagayan Valley) province),6,15000,0,135000.0,210068.0,2000s,135000000.0,210068000.0,0.135,Typhoon 'Prapiroon' (Henry/T0606)
2006-0415-PHL,Henry,2006,6.0,30.0,"Tarlac, Zambales, Nueva Ecija districts (Region III (Central Luzon) provinces)",8,476027,0,645.0,1004.0,2000s,645000.0,1004000.0,0.000645,Henry
2006-0517-PHL,Xangsane (Milenyo),2006,9.0,27.0,"Cordillera Administrative region (CAR), National Capital region (NCR), Region I (Ilocos region), Region II (Cagayan Valley), Region III (Central Luzon), Region IV (Southern Tagalog), Region IV-A (Calabarzon), Region V (Bicol region), Region VI (Western Visayas) provinces",228,3842406,0,113000.0,175835.0,2000s,113000000.0,175835000.0,0.113,Xangsane (Milenyo)
2006-0600-PHL,Cimaron (Paeng),2006,10.0,30.0,"Cagayan, Quirino, Isabela, Nueva Vizcaya districts (Region II (Cagayan Valley) province), Benguet, Kalinga districts (Cordillera Administrative region (CAR) province), Aurora district (Region III (Central Luzon) province), La Union district (Region I (Ilocos region) province)",34,283021,0,9077.0,14124.0,2000s,9077000.0,14124000.0,0.009077,Cimaron (Paeng)
2006-0610-PHL,Queenie (Chebi),2006,11.0,13.0,"Isabela district (Region II (Cagayan Valley) province), Aurora, Nueva Ecija districts (Region III (Central Luzon) province)",6,21260,0,,,2000s,0.0,,0.0,Queenie (Chebi)
2006-0648-PHL,Durian (Reming),2006,11.0,30.0,"Albay, Catanduanes, Camarines Norte, Camarines Sur, Sorsogon districts (Region V (Bicol region) province), Mindoro Occidental, Mindoro Oriental, Marinduque districts (Region IV (Southern Tagalog) province), Batangas, Laguna districts (Region IV-A (Calabarzon) province)",1399,2562517,0,66400.0,103322.0,2000s,66400000.0,103322000.0,0.0664,Durian (Reming)
2006-0667-PHL,Utor (Seniang),2006,12.0,11.0,"Region IV (Southern Tagalog), Region V (Bicol region), Region VI (Western Visayas), Region VII (Central Visayas), Region VIII (Eastern Visayas) provinces",42,327542,0,,,2000s,0.0,,0.0,Utor (Seniang)
2007-0346-PHL,Chedeng and Dodong,2007,8.0,8.0,"National Capital region (NCR), Region III (Central Luzon) provinces",7,921462,0,492.0,744.0,2000s,492000.0,744000.0,0.000492,Chedeng and Dodong
2007-0380-PHL,Sepat,2007,8.0,17.0,"Region III (Central Luzon), Region IV-A (Calabarzon), Region V (Bicol region) provinces",3,380000,0,492.0,744.0,2000s,492000.0,744000.0,0.000492,Sepat
2007-0457-PHL,Wipha/Goring,2007,9.0,17.0,Negros Occidental district (Region VI (Western Visayas) province),2,30000,0,,,2000s,0.0,,0.0,Wipha/Goring
2007-0463-PHL,Lekima (Hanna),2007,9.0,29.0,"Ifugao, Kalinga districts (Cordillera Administrative region (CAR) province)",8,2000,0,,,2000s,0.0,,0.0,Lekima (Hanna)
2007-0560-PHL,Kabayan (Peipah),2007,11.0,4.0,"Isabela, Cagayan districts (Region II (Cagayan Valley) province)",8,33884,0,2971.0,4495.0,2000s,2971000.0,4495000.0,0.002971,Kabayan (Peipah)
2007-0576-PHL,Mitag (Mina) (23),2007,11.0,25.0,"Isabela district (Region II (Cagayan Valley) province), Camarines Sur, Camarines Norte districts (Region V (Bicol region) province)",29,443115,0,5000.0,7565.0,2000s,5000000.0,7565000.0,0.005,Mitag (Mina) (23)
2007-0578-PHL,Hagibis (Lando) (24),2007,11.0,18.0,"Region VII (Central Visayas), Region X (Northern Mindanao) provinces",20,35333,0,1000.0,1513.0,2000s,1000000.0,1513000.0,0.001,Hagibis (Lando) (24)
2007-0668-PHL,Goring,2007,9.0,18.0,"Region IV (Southern Tagalog), Region VI (Western Visayas), Region VII (Central Visayas), Region VIII (Eastern Visayas), Autonomous region in Muslim Mindanao (ARMM), Region IX (Zamboanga Peninsula), Region X (Northern Mindanao), Region XI (Davao Region), Region XII (Soccsksargen), Region XIII (Caraga) provinces",1,64000,0,,,2000s,0.0,,0.0,Goring
2008-0155-PHL,"Typhoon ""Neoguri"" (Ambo)",2008,4.0,13.0,"Autonomous region in Muslim Mindanao (ARMM), Region IX (Zamboanga Peninsula), Region X (Northern Mindanao), Region XI (Davao Region), Region XII (Soccsksargen), Region XIII (Caraga) provinces",1,0,0,16000.0,23311.0,2000s,16000000.0,23311000.0,0.016,"Typhoon ""Neoguri"" (Ambo)"
2008-0197-PHL,Halong (Cosme),2008,5.0,18.0,"Pangasinan, La Union districts (Region I (Ilocos region) province), Zambales district (Region III (Central Luzon) province)",64,1496668,0,99174.0,144493.0,2000s,99174000.0,144493000.0,0.099174,Halong (Cosme)
2008-0249-PHL,Typhoon Fengshen (Franck),2008,6.0,21.0,"Aklan, Antique, Capiz, Iloilo, Negros Occidental districts (Region VI (Western Visayas) province), Cebu district (Region VII (Central Visayas) province), Leyte, Eastern Samar, Samar districts (Region VIII (Eastern Visayas) province), Marinduque, Mindoro Oriental, Romblon districts (Region IV (Southern Tagalog) province), Masbate district (Region V (Bicol region) province), North Cotabato, South Cotabato districts (Region XII (Soccsksargen) province)",644,4785460,0,284694.0,414790.0,2000s,284694000.0,414790000.0,0.284694,Typhoon Fengshen (Franck)
2008-0292-PHL,"Tropical Storm ""Fung-Wong"" (Igme)",2008,7.0,28.0,"Piddig, Pasuquin areas (Metropolitan Manila district, National Capital region (NCR) province), Ilocos Norte, Ilocos Sur districts (Region I (Ilocos region) province), Abra district (Cordillera Administrative region (CAR) province)",10,22081,0,40.0,58.0,2000s,40000.0,58000.0,4e-05,"Tropical Storm ""Fung-Wong"" (Igme)"
2008-0329-PHL,"Tropical storm ""Kammuri"" (Julian)",2008,8.0,4.0,"Quezon city (Metropolitan Manila district, National Capital region (NCR) province), Cordillera Administrative region (CAR), Region I (Ilocos region), Region III (Central Luzon) provinces",2,4498,0,,,2000s,0.0,,0.0,"Tropical storm ""Kammuri"" (Julian)"
2008-0369-PHL,"Tropical storm ""Nuri"" (Karen)",2008,8.0,22.0,"Region I (Ilocos region), Region II (Cagayan Valley), Cordillera Administrative region (CAR) provinces",38,429463,0,33870.0,49348.0,2000s,33870000.0,49348000.0,0.03387,"Tropical storm ""Nuri"" (Karen)"
2008-0426-PHL,"Typhoon ""Hagupit"" (Nina)",2008,9.0,22.0,"Itogon area (Benguet district, Cordillera Administrative region (CAR) province)",37,46132,4485,7420.0,10811.0,2000s,7420000.0,10811000.0,0.00742,"Typhoon ""Hagupit"" (Nina)"
2008-0540-PHL,"Tropical Storm ""Maysak"" (Quinta-Sony)",2008,11.0,6.0,"Region IV (Southern Tagalog), Region V (Bicol region), Region VI (Western Visayas), Region VII (Central Visayas), Region VIII (Eastern Visayas) provinces",19,474,160,,,2000s,0.0,,0.0,"Tropical Storm ""Maysak"" (Quinta-Sony)"
2008-0609-PHL,"TYphoon ""Rammasun"" (Butchoy)",2008,5.0,13.0,"Lambayong, Esperanza areas (Sultan Kudarat district, Region XII (Soccsksargen) province)",1,8390,0,280.0,408.0,2000s,280000.0,408000.0,0.00028,"TYphoon ""Rammasun"" (Butchoy)"
2008-0621-PHL,"Typhoon ""Helen""",2008,7.0,18.0,"Nueva Era, Paoay, San Nicolas, Bangui, Batac city, Dingras, Pasuquin, Marcos, Piddig, Laoag city, Bacarra, Sarrat, Currimao, Pagudpud areas (Ilocos Norte district, Region I (Ilocos region) province), Luna area (La Union district, Region I (Ilocos region) province), Santa Terisita area (Cagayan district, Region II (Cagayan Valley) province)",2,31130,0,147.0,214.0,2000s,147000.0,214000.0,0.000147,"Typhoon ""Helen"""
2008-0623-PHL,"TRopical storm ""Higos"" (Pablo)",2008,9.0,29.0,"Nueva Ecija, Pampanga districts (Region III (Central Luzon) province)",1,27683,0,,,2000s,0.0,,0.0,"TRopical storm ""Higos"" (Pablo)"
2009-0165-PHL,"Typhoon ""Emong"" (Chanom)",2009,5.0,7.0,"Aringay, Agoo, Bacnotan, Bagulin, Bauang, Burgos, Caba, Naguillian Pugo, Rosario, San Gabriel, San Juan, Sto Thomas, Tubao, San Fernando areas (La Union district, Region I (Ilocos region) province), Anda, Agno, Bani, Bolinao, Dasol, Infanta, Lingayan, Mabini, Sta Barbara, Sual, Alaminos city, Dagupan areas (Pangasinan district, Region I (Ilocos region) province), Ambaguio, Bagabag, Bambang, Bayombong, Dupax del Sur, Solano, Sta Fe areas (Nueva Vizcaya district, Region II (Cagayan Valley) province), Aurora, Cabaruan, Cordon, Delfin Albano, Ilagan, Luna, Quirino, Ramon, Reina Mercedes, Cauayan city, Santiago areas (Isabela district, Region II (Cagayan Valley) province), Cabarroguis, Saguiday areas (Quirino district, Region II (Cagayan Valley) province), Rizal area (Cagayan district, Region II (Cagayan Valley) province), Sta Cruz, Olongapo areas (Zambales district, Region III (Central Luzon) province), Guagua area (Pampanga district, Region III (Central Luzon) province), Kiangan, Asipulo, Lamut, Lagawe, Hingyon, Hungduan, Tinoc, Aguinaldo, Alfonso Lista areas (Ifugao district, Cordillera Administrative region (CAR) province), Pinukpuk, Lubuagan areas (Kalinga district, Cordillera Administrative region (CAR) province), Baguio city (Benguet district, Cordillera Administrative region (CAR) province)",77,401007,0,30342.0,44365.0,2000s,30342000.0,44365000.0,0.030342,"Typhoon ""Emong"" (Chanom)"
2009-0174-PHL,"Typhhon ""Dante"" (Kujira)",2009,4.0,29.0,Region V (Bicol region) province,29,383465,0,25810.0,37739.0,2000s,25810000.0,37739000.0,0.02581,"Typhhon ""Dante"" (Kujira)"
2009-0239-PHL,"Topical Storm ""Feria"" (Nangka)",2009,7.0,23.0,"Metropolitan Manila district (National Capital region (NCR) province), Pampanga district (Region III (Central Luzon) province), Batangas, Cavite, Quezon districts (Region IV-A (Calabarzon) province), Romblon, Mindoro Oriental, Mindoro Occidental, Marinduque districts (Region IV (Southern Tagalog) province), Albay, Camarines Sur, Masbate districts (Region V (Bicol region) province), Antique district (Region VI (Western Visayas) province), Cebu district (Region VII (Central Visayas) province), Region VIII (Eastern Visayas) province",16,110405,0,4281.0,6260.0,2000s,4281000.0,6260000.0,0.004281,"Topical Storm ""Feria"" (Nangka)"
2009-0265-PHL,"Tropical Storm ""Isang"" (Molave)",2009,7.0,18.0,"Dingras, Nueva Era, Paoay, Batac, Adams, Pinili, Piddig, San Nicolas, Banna, Marcos, Solsona, Sarrat, Pasuqion areas (Ilocos Norte district, Region I (Ilocos region) province), Naic, Kawit, Noveleta, Bacoor, Cavite areas (Cavite district, Region IV-A (Calabarzon) province), San Mateo, Rodriguez areas (Rizal district, Region IV-A (Calabarzon) province), Passig, Las Pinas, Marikina, Quezon, Taguig areas (Metropolitan Manila district, National Capital region (NCR) province)",5,248058,0,,,2000s,0.0,,0.0,"Tropical Storm ""Isang"" (Molave)"
2009-0321-PHL,Typhoon Morakot (Kiko),2009,8.0,4.0,"Benguet district (Cordillera Administrative region (CAR) province), Tarlac, Zambales districts (Region III (Central Luzon) province), Pangasinan district (Region I (Ilocos region) province)",26,94229,0,25000.0,36554.0,2000s,25000000.0,36554000.0,0.025,Typhoon Morakot (Kiko)
2009-0360-PHL,Tropical storm Labuyo (Dujuan),2009,9.0,2.0,"Botolan area (Zambales district, Region III (Central Luzon) province), Pilar, Morong, Hermosa, Dinalupihan areas (Bataan district, Region III (Central Luzon) province), Sibalom area (Antique district, Region VI (Western Visayas) province), San Erique, Pontevedra, La Carlota City, Valladolid, Hinigaran areas (Negros Occidental district, Region VI (Western Visayas) province), Bayawan city (Negros Oriental district, Region VII (Central Visayas) province)",1,95700,0,,,2000s,0.0,,0.0,Tropical storm Labuyo (Dujuan)
2009-0373-PHL,Tropical depression Maring,2009,9.0,8.0,"Botolan, Iba, San Antonio, San Felipe, San Marcelino areas (Zambales district, Region III (Central Luzon) province), Abucay, Bagac, Dinalupihan, Hermosa, Morong, Pilar, Samal areas (Bataan district, Region III (Central Luzon) province), Apalit, Arayat, Bacolor, Floridabanca, Guagua, Lubao, Masantol, Mexico, Minalin, San Luis, Sasmuan, Stanta Ana, Santo Thomas areas (Pampanga district, Region III (Central Luzon) province), Balagtas, Calumpit, Guiguinto, Marilao, Meycauayan, San Miguel areas (Bulacan district, Region III (Central Luzon) province), Calamba city (Laguna district, Region IV-A (Calabarzon) province)",15,388373,0,6303.0,9216.0,2000s,6303000.0,9216000.0,0.006303,Tropical depression Maring
2009-0374-PHL,Tropical Depression Nando,2009,9.0,12.0,"Santa Teresita area (Cagayan district, Region II (Cagayan Valley) province), Silang area (Cavite district, Region IV-A (Calabarzon) province), Santa Cruz, Bay, Los Banos, Santa Rosa, Calamba, Banan, San Pedro areas (Laguna district, Region IV-A (Calabarzon) province), Pasil area (Kalinga district, Cordillera Administrative region (CAR) province)",3,48333,0,,,2000s,0.0,,0.0,Tropical Depression Nando
2009-0414-PHL,"Tropical storm ""Ondoy"" (Ketsana)",2009,9.0,24.0,"Bolinao, Sual, Dagupan areas (Pangasinan district, Region I (Ilocos region) province), Rizal, Cabarroguis areas (Quirino district, Region II (Cagayan Valley) province), Mandaluyong, Manila, Marikina, Muntinlupa, Navotas, Paranaque, Pasig, Las Pinas, Caloocan, Makati, Valenzuela, Malabon, Pateros, Quezon, Taguig, San Juan, Pasay areas (Metropolitan Manila district, National Capital region (NCR) province), Balanga, Orani, Mariveles, Hermosa areas (Bataan district, Region III (Central Luzon) province), Angat, Balagtas, Baliwag, Bocaue, Bulacan, Bustos, Calumpit, Guiguinto, Hagonoy, Malolos, Marilao, Meycauayan, Plaridel, San Miguel areas (Bulacan district, Region III (Central Luzon) province), Arayal, Bacolor, Lubao, Mabelacat, San Simon, San Luis, San Fernando city, Sto.Tomas, Floridablanca, Sta.Rita areas (Pampanga district, Region III (Central Luzon) province), Licab area (Nueva Ecija district, Region III (Central Luzon) province), Magsaysay, San Jose areas (Mindoro Occidental district, Region IV (Southern Tagalog) province), Naga City, Sangay, Pasacao areas (Camarines Sur district, Region V (Bicol region) province), San Pascuan area (Masbate district, Region V (Bicol region) province), Pioduran area (Albay district, Region V (Bicol region) province), Pilar area (Sorsogon district, Region V (Bicol region) province), Zamboanga city (Zamboanga Del Sur district, Region IX (Zamboanga Peninsula) province), Kalamasig area (Sultan Kudarat district, Region XII (Soccsksargen) province), Kabugao area (Apayao district, Cordillera Administrative region (CAR) province), Kabayan area (Benguet district, Cordillera Administrative region (CAR) province), Region IV-A (Calabarzon) province",501,4901763,0,237489.0,347249.0,2000s,237489000.0,347249000.0,0.237489,"Tropical storm ""Ondoy"" (Ketsana)"
2009-0422-PHL,"Typhoon ""Pepeng"" (Parma)",2009,9.0,29.0,"Isabela, Nueva Vizcaya, Cagayan districts (Region II (Cagayan Valley) province), Quezon district (Region IV-A (Calabarzon) province), Albay, Camarines Sur, Catanduanes, Sorsogon districts (Region V (Bicol region) province), Negros Occidental district (Region VI (Western Visayas) province), Cordillera Administrative region (CAR), National Capital region (NCR), Region I (Ilocos region), Region III (Central Luzon) provinces",512,4478491,0,585379.0,855922.0,2000s,585379000.0,855922000.0,0.585379,"Typhoon ""Pepeng"" (Parma)"
2009-0478-PHL,"Tropical storm ""Mirinae"" (Santi)",2009,10.0,28.0,"Aurora, Bataan, Bulacan districts (Region III (Central Luzon) province), Mindoro Occidental, Mindoro Oriental districts (Region IV (Southern Tagalog) province), Albay, Camarines Norte, Camarines Sur districts (Region V (Bicol region) province), National Capital region (NCR), Region IV-A (Calabarzon) province",39,802175,0,15194.0,22216.0,2000s,15194000.0,22216000.0,0.015194,"Tropical storm ""Mirinae"" (Santi)"
2009-0521-PHL,"Tropical depression ""Urduja""",2009,11.0,25.0,"Agusan del Norte district (Region XIII (Caraga) province), Region VII (Central Visayas), Region X (Northern Mindanao) provinces",4,48142,0,12.0,18.0,2000s,12000.0,18000.0,1.2e-05,"Tropical depression ""Urduja"""
2009-0606-PHL,Goni (Jolina),2009,8.0,1.0,"Panay area (Capiz district, Region VI (Western Visayas) province), Negros Occidental, Negros Oriental districts (Region VII (Central Visayas) province), Region IX (Zamboanga Peninsula), Region X (Northern Mindanao), Region XI (Davao Region), Region XII (Soccsksargen), Region XIII (Caraga) provinces",14,221422,0,2888.0,4223.0,2000s,2888000.0,4223000.0,0.002888,Goni (Jolina)
2010-0308-PHL,Typhoon Conson (Basyang),2010,7.0,12.0,"Manila City, Muntinlupa City, Pateros areas (Metropolitan Manila district, National Capital region (NCR) province), Dingalan area (Aurora district, Region III (Central Luzon) province), Abucay, Bagac, Balanga, Limay, Mariveles, Morong, Orani, Orion, Samal (Bataan district, Region III (Central Luzon) province), Malolos city (Bulacan district, Region III (Central Luzon) province), Masantol area (Pampanga district, Region III (Central Luzon) province), Basud, Capalonga, Daet, Jose Panganiban, Labo, Mercedes, Paracale, San Lorenzo Ruiz, Santa Elena, Talisay, Vinzons areas (Camarines Norte district, Region V (Bicol region) province), Bombon, Caramoan, Lagonoy, Pasacao, Siruma areas (Camarines Sur district, Region V (Bicol region) province), Bagamanoc, Caramoran, Gigmoto, Pandan areas (Catanduanes district, Region V (Bicol region) province), Region IV-A (Calabarzon) province",146,585474,0,8675.0,12480.0,2010s,8675000.0,12480000.0,0.008675,Typhoon Conson (Basyang)
2010-0383-PHL,Tropical storm Ester (Dianmu),2010,8.0,9.0,"Sitio Sabitan area (Santo Rosario borough, Malolos city, Bulacan district, Region III (Central Luzon) province), Navostas area (Metropolitan Manila district, National Capital region (NCR) province), Region IV (Southern Tagalog) province",31,1045,0,,,2010s,0.0,,0.0,Tropical storm Ester (Dianmu)
2010-0543-PHL,Typhoon Megi (Juan),2010,10.0,18.0,"Aringuay, Bangar areas (La Union district, Region I (Ilocos region) province), Bolinao areas (Pangasinan district, Region I (Ilocos region) province), Aparri, Claveria, Gonzaga, Iguig, Lasam, Rizal, Santa Aba, Santa Praxedes, Santa Teresita, Santo Nino, Tiao areas (Cagayan district, Region II (Cagayan Valley) province), Dinapigue, Divilacan, San Mariano, Santa Maria (Isabela district, Region II (Cagayan Valley) province), Casiguran, Dilasag, Dinalungan areas (Aurora district, Region III (Central Luzon) province), Bagio City, Itogon, La Trinidad, Tublay areas (Benguet district, Cordillera Administrative region (CAR) province), Pinukbuk, Tabuk areas (Kalinga district, Cordillera Administrative region (CAR) province), Tadian area (Mountain Province district, Cordillera Administrative region (CAR) province)",35,2009026,0,275745.0,396680.0,2010s,275745000.0,396680000.0,0.275745,Typhoon Megi (Juan)
2011-0157-PHL,Typhoon Bebeng (Aere),2011,5.0,8.0,"Bulacan, Zambales districts (Region III (Central Luzon) province), Cebu district (Region VII (Central Visayas) province), Eastern Samar, Leyte, Northern Samar, Samar districts (Region VIII (Eastern Visayas) province), National Capital region (NCR), Region V (Bicol region)",37,430092,0,31259.0,43592.0,2010s,31259000.0,43592000.0,0.031259,Typhoon Bebeng (Aere)
2011-0203-PHL,"Tropical storm ""Dodong"" (Sarika)",2011,6.0,9.0,"National Capital region (NCR), Region III (Central Luzon), Region IV (Southern Tagalog), Region IV-A (Calabarzon) provinces",9,1152,0,,,2010s,0.0,,0.0,"Tropical storm ""Dodong"" (Sarika)"
2011-0231-PHL,"Topical storm ""Meari"" (Falcon)",2011,6.0,21.0,"Pangasinan district (Region I (Ilocos region) province), Batangas, Cavite, Rizal districts (Region IV-A (Calabarzon) province), Albay, Camarines Sur districts (Region V (Bicol region) province, National Capital region (NCR), Region III (Central Luzon) provinces",20,1700089,0,12869.0,17946.0,2010s,12869000.0,17946000.0,0.012869,"Topical storm ""Meari"" (Falcon)"
2011-0272-PHL,Topical storm Juaning (Nock-ten),2011,7.0,26.0,"La Pinas area (Metropolitan Manila district, National Capital region (NCR) province), Nueva Ecija district (Region III (Central Luzon) province), Cavite, Quezon districts (Region IV-A (Calabarzon) province), Marinduque district (Region IV (Southern Tagalog) province), Iloilo district (Region VI (Western Visayas) province), Siquijor district (Region VII (Central Visayas) province), Leyte district (Region VIII (Eastern Visayas) province), Ifugao district (Cordillera Administrative region (CAR) province), Region V (Bicol region) province",84,1108224,0,63258.0,88216.0,2010s,63258000.0,88216000.0,0.063258,Topical storm Juaning (Nock-ten)
2011-0279-PHL,"Typhoon ""Kabayan"" (Muifa)",2011,8.0,2.0,"Mandaluyong, Marikina, Quezon, San Juan cities (Metropolitan Manila district, National Capital region (NCR) province), Japalit area (Pampanga district, Region III (Central Luzon) province), Paniqui area (Tarlac district, Region III (Central Luzon) province), Calatagan, Malvar areas (Batangas district, Region IV-A (Calabarzon) province), Antopolo City, Rodriguez, San Mateo areas (Rizal district, Region IV-A (Calabarzon) province)",11,8423,0,59.0,82.0,2010s,59000.0,82000.0,5.9e-05,"Typhoon ""Kabayan"" (Muifa)"
2011-0341-PHL,Typhoon Mina (Nanmadol),2011,8.0,27.0,"Quezon City area (Metropolitan Manila district, National Capital region (NCR) province), Zambales, Bulacan districts (Region III (Central Luzon) province), Iloilo district (Region IV (Southern Tagalog) province), Benguet, Abra, Mountain Province districts (Cordillera Administrative region (CAR) province), Catanduanes district (Region V (Bicol region) province), Zamboanga Del Sur district (Region IX (Zamboanga Peninsula) province), Region I (Ilocos region) province",43,403230,0,34452.0,48045.0,2010s,34452000.0,48045000.0,0.034452,Typhoon Mina (Nanmadol)
2011-0378-PHL,Typhoon Quiel (Nalgae),2011,10.0,1.0,"Cordillera Administrative region (CAR), Region I (Ilocos region), Region II (Cagayan Valley), Region III (Central Luzon) provinces",25,1113775,0,2655.0,3703.0,2010s,2655000.0,3703000.0,0.002655,Typhoon Quiel (Nalgae)
2011-0379-PHL,Typhoon Pedring (Nesat),2011,9.0,24.0,"Mindoro Occidental, Mindoro Oriental, Romblon districts (Region IV (Southern Tagalog) province), Albay, Camarines Norte, Camarines Sur, Catanduanes districts (Region V (Bicol region) province), Antique, Iloilo districts (Region VI (Western Visayas) province), Cordillera Administrative region (CAR), National Capital region (NCR), Region I (Ilocos region), Region II (Cagayan Valley), Region III (Central Luzon), Region IV-A (Calabarzon) province",103,3030846,0,344173.0,479966.0,2010s,344173000.0,479966000.0,0.344173,Typhoon Pedring (Nesat)
2011-0384-PHL,Tropical Storm Ramon (Banyan),2011,10.0,13.0,"Mindoro Oriental, Romblon districts (Region IV (Southern Tagalog) province), Capiz, Iloilo, Negros Occidental districts (Region VI (Western Visayas) province), Cebu district (Region VII (Central Visayas) province), Southern Leyte district (Region VIII (Eastern Visayas) province), Misamis Oriental district (Region X (Northern Mindanao) province), South Cotabato district (Region XII (Soccsksargen) province), Dinagat district (Region XIII (Caraga) province)",11,75638,0,,,2010s,0.0,,0.0,Tropical Storm Ramon (Banyan)
2011-0519-PHL,Tropical storm Washi (Sendong),2011,12.0,15.0,"Cagayan district (Region II (Cagayan Valley) province), Negros Oriental, Cebu districts (Region VII (Central Visayas) province), Zamboanga del Norte district (Region IX (Zamboanga Peninsula) province), Misamis Oriental, Lanao del Norte, Bukidnon districts (Region X (Northern Mindanao) province), Compostela district (Region XI (Davao Region) province), Surigao del Sur district (Region XIII (Caraga) province), Lanao del Sur district (Autonomous region in Muslim Mindanao (ARMM) province)",1439,1150300,0,38082.0,53107.0,2010s,38082000.0,53107000.0,0.038082,Tropical storm Washi (Sendong)
2011-0555-PHL,Typhoon Chedeng (Songda),2011,5.0,20.0,"Taguig city (Metropolitan Manila district, National Capital region (NCR) province), Isabela district (Region II (Cagayan Valley) province), Albay, Camarines Norte, Camarines Sur, Catanduanes, Sorsogon districts (Region V (Bicol region) province), Zamboanga del Sur district (Region IX (Zamboanga Peninsula) province), Bukidnon district (Region X (Northern Mindanao) province), Compostela, Davao del Norte districts (Region XI (Davao Region) province), Lanao del Sur, Maguindanao districts (Autonomous region in Muslim Mindanao (ARMM) province)",0,446907,0,431.0,601.0,2010s,431000.0,601000.0,0.000431,Typhoon Chedeng (Songda)
2011-0576-PHL,Tropical Storm Haima (Egay),2011,6.0,14.0,"Autonomous region in Muslim Mindanao (ARMM), Cordillera Administrative region (CAR), National Capital region (NCR), Region I (Ilocos region), Region II (Cagayan Valley), Region III (Central Luzon), Region IV (Southern Tagalog) Region IV-A (Calabarzon), Region IX (Zamboanga Peninsula), Region V (Bicol region), Region VI (Western Visayas), Region VII (Central Visayas), Region VIII (Eastern Visayas), Region X (Northern Mindanao), Region XI (Davao Region), Region XII (Soccsksargen), Region XIII (Caraga) provinces",0,0,0,,,2010s,0.0,,0.0,Tropical Storm Haima (Egay)
2012-0260-PHL,Tropical storm Gener (Saola),2012,7.0,31.0,"Ilocos Sur, Pangasinan districts (Region I (Ilocos region) province), Cagayan district (Region II (Cagayan Valley) province), Bataan, Bulacan, Nueva Ecija, Pampanga, Tarlac districts (Region III (Central Luzon) province), Batangas, Cavite, Laguna, Rizal district (Region IV-A (Calabarzon) province), Mindoro Occidental district (Region IV (Southern Tagalog) province), Aklan, Antique, Iloilo, Negros Occidental districts (Region VI (Western Visayas) province), Cebu district (Region VII (Central Visayas) province), Lanao del Norte, Misamis Oriental districts (Region X (Northern Mindanao) province), North Cotabato, South Cotabato districts (Region XII (Soccsksargen) province), Benguet, Ifugao, Kalinga, Mountain Province districts (Cordillera Administrative region (CAR) province), National Capital region (NCR) province",58,949086,0,9821.0,13418.0,2010s,9821000.0,13418000.0,0.009821,Tropical storm Gener (Saola)
2012-0294-PHL,TYphoon Kai-Tak,2012,8.0,17.0,"Cordillera Administrative region (CAR), National Capital region (NCR), Region I (Ilocos region), Region II (Cagayan Valley), Region III (Central Luzon), Region IV-A (Calabarzon) provinces",4,0,0,3000.0,4099.0,2010s,3000000.0,4099000.0,0.003,TYphoon Kai-Tak
2012-0296-PHL,Typhoon Igme (Tembin),2012,8.0,20.0,La Union district (Region I (Ilocos region) province),11,5607,0,99.0,135.0,2010s,99000.0,135000.0,9.9e-05,Typhoon Igme (Tembin)
2012-0374-PHL,Typhoon Lawin (Jelawat),2012,9.0,21.0,"Muntinlupa city (Metropolitan Manila district, National Capital region (NCR) province), Zamboanga del Norte district (Region IX (Zamboanga Peninsula) province)",4,7921,0,,,2010s,0.0,,0.0,Typhoon Lawin (Jelawat)
2012-0406-PHL,Typhoon Son Tinh (Ofel),2012,10.0,25.0,"National Capital region (NCR), Region I (Ilocos region), Region III (Central Luzon), Region IV (Southern Tagalog), Region IV-A (Calabarzon), Region V (Bicol region), Region VI (Western Visayas), Region VII (Central Visayas), Region VIII (Eastern Visayas), Region XIII (Caraga) province",36,108040,0,1339.0,1829.0,2010s,1339000.0,1829000.0,0.001339,Typhoon Son Tinh (Ofel)
2012-0434-PHL,Typhoon Karen,2012,9.0,13.0,"National Capital region (NCR), Region III (Central Luzon) provinces",1,1234,0,,,2010s,0.0,,0.0,Typhoon Karen
2012-0463-PHL,Tropical Storm Marce (Gaemi),2012,10.0,3.0,"Zambales district (Region III (Central Luzon) province), Mindoro Occidental district (Region IV (Southern Tagalog) province)",0,322,0,,,2010s,0.0,,0.0,Tropical Storm Marce (Gaemi)
2012-0500-PHL,Typhoon Bopha,2012,12.0,4.0,Region XI (Davao Region) province,1901,6246664,0,898352.0,1227398.0,2010s,898352000.0,1227398000.0,0.898352,Typhoon Bopha
2012-0540-PHL,Tropical storm Wukong (Quinta),2012,12.0,25.0,"Region IV (Southern Tagalog), Region V (Bicol region), Region VI (Western Visayas), Region VII (Central Visayas), Region VIII (Eastern Visayas) provinces",24,241606,0,5526.0,7550.0,2010s,5526000.0,7550000.0,0.005526,Tropical storm Wukong (Quinta)
2013-0036-PHL,Tropcal storm Auring,2013,1.0,3.0,"Palawan, Mindoro Oriental districts (Region IV (Southern Tagalog) province), Zamboanga Del Norte district (Region IX (Zamboanga Peninsula) province), Compostela, Davao del Norte districts (Region XI (Davao Region) province)",1,10597,0,,,2010s,0.0,,0.0,Tropcal storm Auring
2013-0258-PHL,Typhoon Rumbia,2013,6.0,30.0,"Region III (Central Luzon), Region VI (Western Visayas), Region VII (Central Visayas), Region VIII (Eastern Visayas) provinces",7,3596,0,1000.0,1347.0,2010s,1000000.0,1347000.0,0.001,Typhoon Rumbia
2013-0272-PHL,Tropical storm Utor (Labuyo),2013,8.0,12.0,"Region I (Ilocos region), Region II (Cagayan Valley), Region III (Central Luzon) provinces",18,395730,0,32431.0,43670.0,2010s,32431000.0,43670000.0,0.032431,Tropical storm Utor (Labuyo)
2013-0373-PHL,Typhoon Usagi (Odette),2013,9.0,21.0,"Cordillera Administrative region (CAR), Region I (Ilocos region), Region II (Cagayan Valley), Region III (Central Luzon), Region IV-A (Calabarzon), Region IV (Southern Tagalog), Region V (Bicol region), Region VI (Western Visayas) provinces",5,72696,0,,,2010s,0.0,,0.0,Typhoon Usagi (Odette)
2013-0378-PHL,Tropical depression Crising (Shanshan),2013,2.0,20.0,"Mindoro Oriental district (Region IV (Southern Tagalog) province), Leyte district (Region VIII (Eastern Visayas) province), Zamboanga del Norte district (Region IX (Zamboanga Peninsula) province), Bukidnon, Lanao del Norte districts (Region X (Northern Mindanao) province), North Cotabato, South Cotabato districts (Region XII (Soccsksargen) province), Agusan del Norte district (Region XIII (Caraga) province), Maguindanao district (Autonomous region in Muslim Mindanao (ARMM) province), Region VII (Central Visayas), Region XI (Davao Region) provinces",6,262884,0,1680.0,2262.0,2010s,1680000.0,2262000.0,0.00168,Tropical depression Crising (Shanshan)
2013-0430-PHL,Tropical storm Nari (SAnti),2013,10.0,12.0,"Nueva Vizcaya district (Region II (Cagayan Valley) province), Pangasinan district (Region I (Ilocos region) province), Region III (Central Luzon) province",20,871755,0,96723.0,130243.0,2010s,96723000.0,130243000.0,0.096723,Tropical storm Nari (SAnti)
2013-0433-PHL,Typhoon Haiyan (Yolanda),2013,11.0,8.0,"Samar, Leyte districts (Region VIII (Eastern Visayas) province), Cebu district (Region VII (Central Visayas) province), Iloilo, Capiz, Aklan districts (Region VI (Western Visayas) province), Palawan district (Region IV (Southern Tagalog) province)",7354,16106870,0,10000000.0,13465524.0,2010s,10000000000.0,13465524000.0,10.0,Typhoon Haiyan (Yolanda)
2013-0437-PHL,Typhoon Krosa (Vinta),2013,10.0,31.0,"Ilocos Norte district (Region I (Ilocos region) province), Cagayan district (Region II (Cagayan Valley) province), Apayao district (Cordillera Administrative region (CAR) province)",4,220443,0,4729.0,6368.0,2010s,4729000.0,6368000.0,0.004729,Typhoon Krosa (Vinta)
2014-0020-PHL,Tropical Depression Agaton ( (Lingling),2014,1.0,19.0,"North Cotabato, South Cotabato districts (Region XII (Soccsksargen) province), Autonomous region in Muslim Mindanao (ARMM), Region X (Northern Mindanao), Region XI (Davao Region), Region XIII (Caraga) provinces",79,1148707,0,12591.0,16684.0,2010s,12591000.0,16684000.0,0.012591,Tropical Depression Agaton ( (Lingling)
2014-0055-PHL,Topical storm Basyang (Kajiki),2014,1.0,31.0,"Antique, Negros Occidental districts (Region VI (Western Visayas) province), Cebu (Region VII (Central Visayas) province), Biliran, Leyte, Southern Leyte districts (Region VIII (Eastern Visayas) province), Agusan del Norte, Dinagat, Surigao del Norte districts (Region XIII (Caraga) province)",6,47740,0,3200.0,4240.0,2010s,3200000.0,4240000.0,0.0032,Topical storm Basyang (Kajiki)
2014-0227-PHL,Typhoon Rammasun (Glenda),2014,7.0,15.0,"National Capital region (NCR), Region III (Central Luzon), Region IV-A (Calabarzon), Region IV (Southern Tagalog), Region V (Bicol region), Region VIII (Eastern Visayas) provinces",111,4654966,0,820576.0,1087310.0,2010s,820576000.0,1087310000.0,0.820576,Typhoon Rammasun (Glenda)
2014-0240-PHL,Typhoon Henry (Matmo),2014,7.0,22.0,"Region II, Region IV-A, Region IV provinces",2,683,0,,,2010s,0.0,,0.0,Typhoon Henry (Matmo)
2014-0330-PHL,Tropical strom Fung-Wong (Mario),2014,9.0,17.0,"Dagupan, Lingayen areas (Pangasinan district, Region I (Ilocos region) province), Pampanga district (Region III (Central Luzon) province), Metropolitan Manila district (National Capital region (NCR) province)",22,2052157,0,75783.0,100417.0,2010s,75783000.0,100417000.0,0.075783,Tropical strom Fung-Wong (Mario)
2014-0390-PHL,Typhoon Kalmaegi (Luis),2014,9.0,10.0,"Ilocos Norte, La Union, Pangasinan districts (Region I (Ilocos region) province), Cagayan, Isabela, Nueva Vizcaya districts (Region II (Cagayan Valley) province), Negros Occidental district (Region VI (Western Visayas) province), Rizal district (Region IV-A (Calabarzon) province), Apayao, Benguet, Kalinga districts (Cordillera Administrative region (CAR) province), National Capital region (NCR), Region III (Central Luzon) provinces",4,431086,0,19183.0,25419.0,2010s,19183000.0,25419000.0,0.019183,Typhoon Kalmaegi (Luis)
2014-0474-PHL,Tropical storm 'Sinlaku' (Queenie),2014,11.0,27.0,"Palawan district (Region IV (Southern Tagalog) province), Negros Occidental district (Region VI (Western Visayas) province), Bohol, Cebu, Negros Oriental districts (Region VII (Central Visayas) province), Southern Leyte district (Region VIII (Eastern Visayas) province), Misamis Occidental, Misamis Oriental districts (Region X (Northern Mindanao) province), Davao del Sur district (Region XI (Davao Region) province), Dinagat, Surigao del Norte, Surigao del Sur districts (Region XIII (Caraga) province)",12,4695,0,,,2010s,0.0,,0.0,Tropical storm 'Sinlaku' (Queenie)
2014-0479-PHL,Typhoon 'Hagupit' (Ruby),2014,12.0,12.0,"Bataan district (Region III (Central Luzon) province), Agusan Del Norte, Agusan Del Sur, Surigao Del Sur, Surigao Del Norte districts (Region XIII (Caraga) province), National Capital region (NCR), Region IV (Southern Tagalog), Region IV-A (Calabarzon), Region V (Bicol region), Region VI (Western Visayas), Region VII (Central Visayas), Region VIII (Eastern Visayas) provinces",18,4150400,0,113878.0,150895.0,2010s,113878000.0,150895000.0,0.113878,Typhoon 'Hagupit' (Ruby)
2014-0497-PHL,Tropical storm 'Jangmi' (Seniang),2014,12.0,28.0,"Palawan district (Region IV (Southern Tagalog) province), Antique, Capiz, Negros Occidental districts (Region VI (Western Visayas) province), Bohol, Cebu, Siquijor districts (Region VII (Central Visayas) province), Leyte, Samar, Southern Leyte districts (Region VIII (Eastern Visayas) province), Zamboanga Del Sur district (Region IX (Zamboanga Peninsula) province), Bukidnon, Camiguin, Lanao del Norte, Misamis Oriental districts (Region X (Northern Mindanao) province), Compostela, Davao del Norte, Davao Oriental districts (Region XI (Davao Region) province), Region XIII (Caraga) province",72,578549,0,17688.0,23438.0,2010s,17688000.0,23438000.0,0.017688,Tropical storm 'Jangmi' (Seniang)
2015-0017-PHL,Tropical storm 'Amang' (Mekkhala),2015,1.0,19.0,"Albay, Camarines Norte, Catanduanes, Sorsogon districts (Region V (Bicol region) province), Cebu district (Region VII (Central Visayas) province), Eastern Samar, Samar districts (Region VIII (Eastern Visayas) province)",2,21687,0,1000.0,1323.0,2010s,1000000.0,1323000.0,0.001,Tropical storm 'Amang' (Mekkhala)
2015-0105-PHL,Typhoon' Maysak',2015,4.0,6.0,"Isabela district (Region II (Cagayan Valley) province), Aurora district (Region III (Central Luzon) province)",0,2761,0,,,2010s,0.0,,0.0,Typhoon' Maysak'
2015-0176-PHL,Typhoon Noul (Dodong),2015,5.0,11.0,"Benito Soliven, Dinapigue, Dilvilacan, Maconacon, Palanan areas (Isabela district, Region II (Cagayan Valley) province), Aparri, Buguey, Calayan, Gonzaga, Santa Ana, Santa Teresita areas (Cagayan district, Region II (Cagayan Valley) province)",2,523,0,348.0,461.0,2010s,348000.0,461000.0,0.000348,Typhoon Noul (Dodong)
2015-0244-PHL,Typhoon Chan-Home,2015,7.0,12.0,"Cordillera Administrative region (CAR), Region I (Ilocos region), Region II (Cagayan Valley) provinces",5,14100,3300,1500000.0,1985230.0,2010s,1500000000.0,1985230000.0,1.5,Typhoon Chan-Home
2015-0278-PHL,Tropical cyclone Linfa (Egay),2015,7.0,4.0,"Ilocos Norte, Ilocos Sur, La Union districts (Region I (Ilocos region) province), Palawan district (Region IV (Southern Tagalog) province), Benguet, Abra, Kalinga districts (Cordillera Administrative region (CAR) province)",0,55567,0,2218.0,2935.0,2010s,2218000.0,2935000.0,0.002218,Tropical cyclone Linfa (Egay)
2015-0339-PHL,Typhoon 'Soudelor' (Hanna),2015,8.0,5.0,"Janiuary area (Iloilo district, Region VI (Western Visayas) province), Valladolid area (Negros Occidental district, Region VI (Western Visayas) province), San Lorenzo area (Guimaras district, Region VI (Western Visayas) province), Bayawan, Siaton areas (Negros Oriental district, Region VII (Central Visayas) province), Kapatagan, Laia, Sapad areas (Lanao Del Norte district, Region X (Northern Mindanao) province)",0,3843,0,,,2010s,0.0,,0.0,Typhoon 'Soudelor' (Hanna)
2015-0371-PHL,Typhoon Goni (Ineng),2015,8.0,22.0,"Ilocos Norte, Ilocos Sur districts (Region I (Ilocos region) province), Region II (Cagayan Valley), Cordillera Administrative region (CAR) provinces",40,318383,0,30299.0,40100.0,2010s,30299000.0,40100000.0,0.030299,Typhoon Goni (Ineng)
2015-0462-PHL,Typhoon Koppu (Lando),2015,10.0,14.0,"Camarines Norte, Catanduanes districts (Region V (Bicol region) province), Cordillera Administrative region (CAR), National Capital region (NCR) province, Region I (Ilocos region), Region II (Cagayan Valley), Region III (Central Luzon), Region IV-A (Calabarzon) provinces",51,2898590,0,210985.0,279236.0,2010s,210985000.0,279236000.0,0.210985,Typhoon Koppu (Lando)
2015-0490-PHL,Typhoon Mujigae,2015,10.0,2.0,"Benguet district (Cordillera Administrative region (CAR) province), La Union, Pangasinan districts (Region I (Ilocos region) province), Aurora, Bulacan, Nueva Ecija districts (Region III (Central Luzon) province)",2,3500,0,1300.0,1721.0,2010s,1300000.0,1721000.0,0.0013,Typhoon Mujigae
2015-0543-PHL,Typhoon Melor (Nona),2015,12.0,14.0,"Nueva Vizcaya district (Region II (Cagayan Valley) province), Quezon, Batangas districts (Region IV-A (Calabarzon) province), Marinduque, Mindoro Oriental, Mindoro Occidental, Romblon districts (Region IV (Southern Tagalog) province), Catanduanes, Albay, Masbate, Sorsogon districts (Region V (Bicol region) province), Biliran districts (Region VII (Central Visayas) province), Samar, Northern Samar districts (Region VIII (Eastern Visayas) province), Quezon City area (Metropolitan Manila district, National Capital region (NCR) province)",46,287251,0,135217.0,178958.0,2010s,135217000.0,178958000.0,0.135217,Typhoon Melor (Nona)
2016-0256-PHL,Typhoon Butchoy (Nepartak),2016,7.0,8.0,"Zambales, Battan (Region III); Rizal, Batangas (Region IV)",2,3359,0,,,2010s,0.0,,0.0,Typhoon Butchoy (Nepartak)
2016-0342-PHL,Typhoon Ferdie (Meranti),2016,9.0,16.0,"Ilocos Norte district (Region I (Ilocos region) province), Batanes, Cagayan districts (Region II (Cagayan valley) province)",0,16648,0,4913.0,6421.0,2010s,4913000.0,6421000.0,0.004913,Typhoon Ferdie (Meranti)
2016-0363-PHL,Typhoon Karen (Sarika),2016,10.0,16.0,"Pangasinan district (Region I (Ilocos region) province), Nueva Vizcaya, Quirino, Isabela districts (Region II (Cagayan valley) province), Aurora, Bulacan, Nueva Ecija, Zambales districts (Region III (Central Luzon) province), Quezon, Rizal, Laguna, Cavite, Batangas districts (Region IV-A (Calabarzon) province), Albay, Catanduanes, Camarines Sur, Camarines Norte, Sorsogon districts (Region V (Bicol region) province)",0,52270,0,11490.0,15017.0,2010s,11490000.0,15017000.0,0.01149,Typhoon Karen (Sarika)
2016-0364-PHL,Typhoon Lawin (Haima),2016,10.0,19.0,"Ilocos Norte, Ilocos Sur, La Union, Pangasinan districts (Region I (Ilocos region) province), Cagayan, Isabela, Nueva Vizcaya, Quirino districts (Region II (Cagayan valley) province), Aurora, Bataan, Bulacan, Nueva Ecija, Pampanga, Tarlac, Zambales districts (Region III (Central Luzon) province), Batangas, Quezon, Rizal districts (Regio IV-A (Calabarzon) province), Camarines Norte, Sorgoson (Region V (Bicol region) province)), Abra, Apayao, Benguet, Ifugao, Kalinga, Mountain province (Cordillera Administrative region (CAR))",8,981154,0,50690.0,66252.0,2010s,50690000.0,66252000.0,0.05069,Typhoon Lawin (Haima)
2016-0456-PHL,Tropical storm Marce (Tokage),2016,11.0,23.0,"Romblon, Mindoro Oriental (Region IV (Southern Tagalog) province), Antique, Capiz, Aklan, Iloilo (Region VI (Western Visayas) province), Leyte (Region VIII (Eastern Visayas) province), Surigao del Sur, Surigao del Norte, Dinagat (Region XIII (Caraga) province)",0,14309,0,,,2010s,0.0,,0.0,Tropical storm Marce (Tokage)
2016-0490-PHL,Typhoon Helen (Megi),2016,9.0,28.0,"Meycauayan city, Marilao, Sta. Maria (Bulacan province)",0,1559,0,,,2010s,0.0,,0.0,Typhoon Helen (Megi)
2016-0503-PHL,Typhoon 'Nina' (Nock-Ten),2016,12.0,25.0,"Batangas, Cavite, Laguna, Quezon, Rizal (Calabarzon); Mariduque, Mindoro Occidental (Mimaropa); Albay, Camarines Norte, Camarines Sur, Catanduanes , Masbate, Sorsogon (Region V, Bicol region); Northern Samar (Region VIII, Eastern Visayas)",24,1893404,0,103661.0,135485.0,2010s,103661000.0,135485000.0,0.103661,Typhoon 'Nina' (Nock-Ten)
2017-0142-PHL,Tropical depression 02W (Crising),2017,4.0,15.0,"Cebu Isl. (Carmen, Danao City)",10,860,0,2000.0,2559.0,2010s,2000000.0,2559000.0,0.002,Tropical depression 02W (Crising)
2017-0326-PHL,Typhoon Nesat & Haitang,2017,7.0,25.0,"National Capital Region (Valenzuela, Quezon, Manila, Malabon, Paranaque, Makati), Ilocos (Pangasinan, La Union, Ilocos Norte, Ilocos Sur), Central Luzon (Balagtas, Meycauayan, Marilao-Bulacan, MacabebeBrgy. Sto. Rosario - City of San Fernando -Pampanga), Calabarzon (Cavite, Rizal), Cordillera Administrative Region (CAR) (Benguet, Baguio city, Abra,Mt Province, Ifugao)",0,7339,0,174.92,224.0,2010s,174920.0,224000.0,0.00017492,Typhoon Nesat & Haitang
2017-0406-PHL,Typhoon 'Doksuri',2017,9.0,11.0,"Central Luzon, Calabarzon (Laguna, Quezon, Cavite, Rizal), the National Capital region (Metro Manila)",26,9110,1645,5300.0,6783.0,2010s,5300000.0,6783000.0,0.0053,Typhoon 'Doksuri'
2017-0422-PHL,Typhoon 'Damrey' / 'Ramil',2017,11.0,1.0,"southern Luzon: Batangas (San Juan town), Palawan (Busuanga town), Camarines Sur (Barangay Sibaguan near Sagnay town, Lagonoy), Albay, Camarines Norte (Vinzons, Mercedes), Oriental Mindoro (Calapan city), Laguna - Calabarzon, Mimaropa, and Bicol Regions",6,305,0,,,2010s,0.0,,0.0,Typhoon 'Damrey' / 'Ramil'
2017-0432-PHL,Typhoon 'Lan'/'Paolo',2017,10.0,18.0,"Mimaropa (Puerto Princesa City, Palawan), Western Visayas (Negros occidental), Central Visayas (Negros oriental, Siquijor), Zamboanga peninsula (Zamboanga city, Zamboanga del Norte, Zamboanga del Sur, Zamboanga del Sibugay), Caraga (Agusan del Norte), the Autonomous Region of Muslim Mindanao (Maguindanao), Soccksargen (Sultan Kudarat) regions",9,163349,0,3400.0,4351.0,2010s,3400000.0,4351000.0,0.0034,Typhoon 'Lan'/'Paolo'
2017-0485-PHL,Tropical storm 'Pakhar'/'Jolina',2017,8.0,25.0,"Ilocos, Cagayan Valley, Central Luzon, Cordillera Regions",0,3400,0,,,2010s,0.0,,0.0,Tropical storm 'Pakhar'/'Jolina'
2018-0004-PHL,Agaton (01W),2018,1.0,1.0,"Aklan, Capiz (Region VI); Bohol, Cebu (Region VII); Camiguin, Lanao del NOrte, Misamis Oriental (Region X); Agusan del NOrte, Dinagat Isl., Surigao del Norte , Surigao del Sur (Caraga)",3,83917,0,12292.0,15355.0,2010s,12292000.0,15355000.0,0.012292,Agaton (01W)
2018-0044-PHL,Tropical storm 'Basyang' (Sanba),2018,2.0,12.0,"Palawan (Mimaropa); Capiz, Iloilo, Negros occidental (Region IV - Western Visayas); Bohol, Cebu, Negros Oriental, Siquijor (Region VII - Central Visayas); Biliran, Eastern Samar, Leyte, Samar, Southern Leyte (Region VII - Eastern Visayas); Agusan del Norte, Dinagat Isl., Surigao del Norte, Surigao del Sur (REgion XIII - Caraga)",0,254859,0,3070.0,3835.0,2010s,3070000.0,3835000.0,0.00307,Tropical storm 'Basyang' (Sanba)
2018-0227-PHL,Tyhoon 'Son Tinh',2018,7.0,17.0,,16,2231101,0,88000.0,109932.0,2010s,88000000.0,109932000.0,0.088,Tyhoon 'Son Tinh'
2018-0341-PHL,Typhoon Mangkut (Ompong),2018,9.0,16.0,"Apayao, Benguet, Cagayan, Kalinga, Isabela, Abra, Ilocos Norte and Ilocos Sur",84,3800138,0,32033.0,40016.0,2010s,32033000.0,40016000.0,0.032033,Typhoon Mangkut (Ompong)
2018-0347-PHL,Tropical Storm Yagi,2018,9.0,19.0,"I, III, CAR, NCR, and CALABARZON",5,1709511,0,19000.0,23735.0,2010s,19000000.0,23735000.0,0.019,Tropical Storm Yagi
2018-0399-PHL,Typhoon 'Yutu' (Rosita),2018,10.0,30.0,"Ilocos norte, Ilocos Sur, la Union, Pangasinan (Region 1 - Ilocos); Cagayan, Isabela, Nueva Vizcaya, Quirino (Region II - Cagayan Valley); Aurora, Nueva Ecija, Tarlac, Zambales (Region III - Central Luzon); Northern Samar (REgion VIII - Eastern Visayas); Abra, Apayao, Benguet, Ifugao, Kalinga, Mountain province (CAR)",12,253300,0,305000.0,381014.0,2010s,305000000.0,381014000.0,0.305,Typhoon 'Yutu' (Rosita)
2018-0455-PHL,Tropical depression 'Usman',2018,12.0,28.0,"Regions IV-A (Calabarzon), IV-B (Mimaropa), V (Bicol), and VIII (Eastern Visayas)",182,1016063,0,106753.0,133359.0,2010s,106753000.0,133359000.0,0.106753,Tropical depression 'Usman'
2019-0021-PHL,Tropical depression 'Amang' (01W),2019,1.0,18.0,"Agusan del Norte, Agisan del Sur, Dinaga Isl., Surigao del Norte, Surigao del Sur (Region XIII - Caraga)",0,13160,0,,,2010s,0.0,,0.0,Tropical depression 'Amang' (01W)
2019-0349-PHL,Tropical cyclone 'Danas',2019,7.0,18.0,"Cordillera Administrative Region, Ilocos, Cagayan Valley",4,2000,0,377440.0,463115.0,2010s,377440000.0,463115000.0,0.37744,Tropical cyclone 'Danas'
2019-0434-PHL,Tropical cyclone 'Podul',2019,8.0,27.0,Aurora Province,2,61502,0,,,2010s,0.0,,0.0,Tropical cyclone 'Podul'
2019-0541-PHL,Tropical cyclone 'Kalmaegi' (Ramon),2019,11.0,17.0,"Romblon Province (Mimaropa region), Camarines Sur Province (Bicol Region)",0,3000,0,,,2010s,0.0,,0.0,Tropical cyclone 'Kalmaegi' (Ramon)
2019-0549-PHL,Tropical cyclone 'Nakri',2019,11.0,10.0,"Cagayan province, north Luzon Island",19,673,0,36000.0,44172.0,2010s,36000000.0,44172000.0,0.036,Tropical cyclone 'Nakri'
2019-0573-PHL,Tropical cyclone 'Kammuri' (Tisoy),2019,12.0,2.0,"Aurora, Pampanga, Bataan, Bulacan, Zambales (Region III); Batangas, Cavite, Laguna, Quezon (Calanarzon); Marinduqe, Oriental Mindoro, Occidental Mindoro, Romblon (Mimaropa); Albay, Camarines Norte, Camarines Sur, Catanduanes, Masbate, Sorgoson (Region V); Northern Samar, Eastern Samar, Western Samar, (Region VIII); Surigao del Sur (Caraga); Mountain province (CAR)",4,2647558,342165,109151.0,133927.0,2010s,109151000.0,133927000.0,0.109151,Tropical cyclone 'Kammuri' (Tisoy)
2019-0634-PHL,Tropical cyclone 'Phanfone' (Ursula),2019,12.0,24.0,"Salcedo, Eastern Samar; Tacloban City, Leyte; Gigantes Islands, Carles, Iloilo; Ibajay, Aklan; Semirara Island, Caluya, Antique; Bulalacao, Oriental Mindoro; Cabucgayan, Biliran; Cagayan Valley, Cordillera Administrative Region",63,3297246,0,15722.0,19291.0,2010s,15722000.0,19291000.0,0.015722,Tropical cyclone 'Phanfone' (Ursula)
2020-0203-PHL,Tropical Cyclone 'Vongfong' (Ambo),2020,5.0,15.0,"Calabazon, Eastern Visayas, Cordillera Administrative Region provinces",5,578740,0,31100.0,37694.0,2020s,31100000.0,37694000.0,0.0311,Tropical Cyclone 'Vongfong' (Ambo)
2020-0452-PHL,Tropical depression 'Ofel',2020,10.0,13.0,"Visayas, Bicol, northern Mimaropa, southern Calabarzon Provinces",3,250,0,187.0,227.0,2020s,187000.0,227000.0,0.000187,Tropical depression 'Ofel'
2020-0463-PHL,Typhoon 'Goni' (Rolly),2020,10.0,31.0,"Calabarzon, Mimaropa, Bicol Regions; NCR, II, III, V, VIII, CAR regions",31,3356394,0,503294.0,610011.0,2020s,503294000.0,610011000.0,0.503294,Typhoon 'Goni' (Rolly)
2020-0470-PHL,Typhoon 'Molave' (Quinta),2020,10.0,28.0,"Regions III, CALABARZON, MIMAROPA, V, VI, VII and VIII",31,888415,0,87100.0,105568.0,2020s,87100000.0,105568000.0,0.0871,Typhoon 'Molave' (Quinta)
2020-0501-PHL,Tyhoon 'Ulysses' (Vamco),2020,11.0,11.0,"National Capital Region, Quezon, Rizal province",111,514909,0,421000.0,510268.0,2020s,421000000.0,510268000.0,0.421,Tyhoon 'Ulysses' (Vamco)
2020-0558-PHL,Tropical depression 'Vicky' (Krovanh),2020,12.0,18.0,"Mindanao Island, Leyte Province (Eastern Visayas), Cagayan Valley (north-eastern Luzon Island), Isabela Province (Luzon)",9,36032,0,2293.0,2779.0,2020s,2293000.0,2779000.0,0.002293,Tropical depression 'Vicky' (Krovanh)
2021-0091-PHL,Tropical storm 'Dujuan' (Auring),2021,2.0,21.0,Caraga Region (northern Mindanao) and Eastern Visayas Region,5,272453,0,3114.0,3605.0,2020s,3114000.0,3605000.0,0.003114,Tropical storm 'Dujuan' (Auring)
2021-0236-PHL,Tropical cyclone 'Surigae',2021,4.0,22.0,"Cagayan Valley, Bicol, Eastern Visayas and Caraga Regions",9,15000,0,20000.0,23153.0,2020s,20000000.0,23153000.0,0.02,Tropical cyclone 'Surigae'
2021-0339-PHL,Tropical storm 'Choi-Wan',2021,6.0,1.0,,11,21000,0,11000.0,12734.0,2020s,11000000.0,12734000.0,0.011,Tropical storm 'Choi-Wan'
2021-0595-PHL,Tropical cyclone 'Conson' (Jolina),2021,9.0,6.0,"Mimaropa, Bicol, Western Visayas, Eastern Visayas, Central Luzon, Western Calabarzon, NCR",17,313397,0,,,2020s,0.0,,0.0,Tropical cyclone 'Conson' (Jolina)
2021-0664-PHL,Tropical cyclone 'Lionrock' (Lannie),2021,10.0,4.0,"MIMAROPA and Western Visayas Regions, Capiz, Guimaras, Iloilo (Region VI)",3,8048,0,240.0,278.0,2020s,240000.0,278000.0,0.00024,Tropical cyclone 'Lionrock' (Lannie)
2021-0670-PHL,Tropical cyclone 'Kompasu' (Maring),2021,10.0,11.0,"Sur Province (north-western Luzon), Palawan Province (central-western Philippines) Pangasinan Province (central-western Luzon); Regions I, II, III, MIMAROPA, CALABARZON, VI, VIII, CARAGA, Cordillera Administrative Region (CAR) and National Capital Region (NCR)",59,1140539,0,75610.0,87530.0,2020s,75610000.0,87530000.0,0.07561,Tropical cyclone 'Kompasu' (Maring)
2021-0813-PHL,Typhoon 'Rai' (Odette),2021,12.0,16.0,"Eastern Visayas, Northern Mindanao, Davao, Caraga, Surigao del Norte, Dinagat Islands, Southern Leyte, Bohol, Cebu, Negros Oriental, Palawan, Iliolo",457,10608996,0,915271.0,1059566.0,2020s,915271000.0,1059566000.0,0.915271,Typhoon 'Rai' (Odette)
2022-0204-PHL,Tropical storm 'Megi' (Agaton),2022,4.0,10.0,"Davao Region, Northern Mindanao, Leyte, Southern Leyte,Negros Occidental and Iloilo provinces",346,2298788,0,41556.0,44543.0,2020s,41556000.0,44543000.0,0.041556,Tropical storm 'Megi' (Agaton)
2022-0547-PHL,Tropical Cyclone 'Ma-On' (Florita),2022,8.0,22.0,"Ilocos, Cagayan Valley, Cordillera Administrative Region (CAR), Bicol, and Calabarzon",0,7616,0,,,2020s,0.0,,0.0,Tropical Cyclone 'Ma-On' (Florita)
2022-0665-PHL,Tropical depression 'Maymay',2022,10.0,13.0,"Cagayan Valley (the worst-hit), Cordillera Administrative Region (CAR) and Calabarzon",0,7000,0,18000.0,19294.0,2020s,18000000.0,19294000.0,0.018,Tropical depression 'Maymay'
2022-0680-PHL,Tropical cyclone 'Nesat',2022,10.0,15.0,Luzon,0,103602,0,,,2020s,0.0,,0.0,Tropical cyclone 'Nesat'
2022-0707-PHL,Storm 'Nalgae' (Paeng),2022,10.0,27.0,"Cotabato; Datu Blah Sinsuat (Mindanao Isl.); Virac, Catanduanes, Caramoan, Camarines Sur, Buenavista, Quezon, Santa Cruz, Marinduque, San Juan, Batangas; Region III (Central Luzon), Region VI (Western Visayas), Region VII (Central Visayas), National Capital region (NCR)",158,3323291,0,45569.0,48844.0,2020s,45569000.0,48844000.0,0.045569,Storm 'Nalgae' (Paeng)
2023-0246-PHL,Tropical Depression 'Amang',2023,4.0,17.0,"Calabarzon, Mimaropa, Bicol, Davao and Zamboanga Peninsula",0,136149,0,222.0,229.0,2020s,222000.0,229000.0,0.000222,Tropical Depression 'Amang'
2023-0300-PHL,Typhoon 'Mawar',2023,5.0,24.0,"Ilocos Region, Cagayan Valley, Central Luzon, Western Visayas, CAR and MIMAROPA.",1,30501,0,,,2020s,0.0,,0.0,Typhoon 'Mawar'
2023-0450-PHL,Tropical cyclone 'Talim',2023,7.0,12.0,Northern Luzon,2,450,0,,,2020s,0.0,,0.0,Tropical cyclone 'Talim'
2023-0464-PHL,Tropical cyclone 'Doksuri' (Egay),2023,7.0,21.0,"Luzon Isl., Region 3, 1 (Ilocos), 6, 2 (Cagayan), 12, 5, 11 and 10, CAR, Mimaropa, NCR, Calabarzon, BARMM",39,5385237,0,284256.0,292640.0,2020s,284256000.0,292640000.0,0.284256,Tropical cyclone 'Doksuri' (Egay)
2023-0568-PHL,Typhoon 'Saola',2023,8.0,22.0,,4,900003,0,33000.0,33973.0,2020s,33000000.0,33973000.0,0.033,Typhoon 'Saola'
2023-0623-PHL,Typhoon 'Koinu',2023,10.0,4.0,"Luzon, Batanes and the Babuyan Islands",0,275,0,,,2020s,0.0,,0.0,Typhoon 'Koinu'
2023-0842-PHL,Tropical storm 'Jelawat' (Kabayan),2023,12.0,18.0,"Davao, Northern Mindanao, Caraga, Mimaropa, Western Visayas and Eastern Visayas)",1,425867,0,42.0,43.0,2020s,42000.0,43000.0,4.2e-05,Tropical storm 'Jelawat' (Kabayan)
2024-0337-PHL,Tropical cyclone 'Ewiniar' (Aghon),2024,5.0,24.0,"Cagayan Valley, Central Luzon, Calabarzon, Mimaropa, Bicol, and Eastern and Central Visayas.",6,52008,0,20000.0,20000.0,2020s,20000000.0,20000000.0,0.02,Tropical cyclone 'Ewiniar' (Aghon)
2024-0522-PHL,Typhoon 'Gaemi' (Carina) and 'Butchoy' (Prapiroon),2024,7.0,22.0,"Metro Manilla, Batangas, Cavite, Pampanga and Bulacan provinces; Regions NCR, I, II, III, CALABARZON, MIMAROPA, V, VI, VII, X, and CAR",53,6498934,0,211000.0,211000.0,2020s,211000000.0,211000000.0,0.211,Typhoon 'Gaemi' (Carina) and 'Butchoy' (Prapiroon)
2024-0654-PHL,Typhoon 'Yagi' (Enteng),2024,9.0,1.0,"Luzon Isl., Isabela province, Visayas",33,3000022,0,33000.0,33000.0,2020s,33000000.0,33000000.0,0.033,Typhoon 'Yagi' (Enteng)
2024-0666-PHL,Typhoon 'Bebinca',2024,9.0,16.0,,12,203011,0,,,2020s,0.0,,0.0,Typhoon 'Bebinca'
2024-0695-PHL,Tropical depression 'Soulik',2024,9.0,15.0,,38,95013,0,,,2020s,0.0,,0.0,Tropical depression 'Soulik'
2024-0711-PHL,Tropical cyclone 'Krathon' (Julian),2024,9.0,29.0,Northern Luzon island,4,219008,0,11000.0,11000.0,2020s,11000000.0,11000000.0,0.011,Tropical cyclone 'Krathon' (Julian)
2024-0777-PHL,Tropical cyclone 'Trami' (Kristine),2024,10.0,22.0,"Luzon, Visayas and northern Mindanao, Camarines Sur, Camarines Norte, Albay, Masbate (Region 5 (Bicol), and Batangas, Laguna, Cavite, and Quezon in Region 4A (Calabarzon)",191,9652739,0,373000.0,373000.0,2020s,373000000.0,373000000.0,0.373,Tropical cyclone 'Trami' (Kristine)
2024-0801-PHL,Typhoon 'Kong-Rey' (Leon),2024,10.0,26.0,,0,0,0,,,2020s,0.0,,0.0,Typhoon 'Kong-Rey' (Leon)
2024-0825-PHL,Typhoon 'Yinxing' (Marce),2024,11.0,7.0,Northern Luzon,1,375001,0,10000.0,10000.0,2020s,10000000.0,10000000.0,0.01,Typhoon 'Yinxing' (Marce)
2024-0829-PHL,Typhoon 'Toraji' (Nika),2024,11.0,11.0,"Aurora, Isabela provinces",0,310002,0,10000.0,10000.0,2020s,10000000.0,10000000.0,0.01,Typhoon 'Toraji' (Nika)
2024-0855-PHL,Typhoon 'Man-yi' (Pepito),2024,11.0,16.0,"Cagayan, Ilocos, Central Luzon, Calabarzon, Bicol",15,3967014,0,100000.0,100000.0,2020s,100000000.0,100000000.0,0.1,Typhoon 'Man-yi' (Pepito)
