disaster_id,storm_name_clean,year,month,decade,era,region,location,intensity_category,deaths,affected,affected_millions,displaced,damage_usd,damage_billions
1980-0067-PHL,Joe,1980,7.0,1980s,Pre-2010,Unspecified,Northern,Severe,31,600000,0.6,300000,15400000.0,0.0154
1980-0070-PHL,Kim,1980,7.0,1980s,Pre-2010,Luzon,Cagayan Valley (Northwestern),Moderate,40,190000,0.19,0,0.0,0.0
1980-0099-PHL,Betty (Aring),1980,11.0,1980s,Pre-2010,Luzon,North and Central Luzon,Catastrophic,101,1004000,1.004,229000,102300000.0,0.1023
1980-0132-PHL,(Biring),1980,3.0,1980s,Pre-2010,Unspecified,,Minor,4,665,0.000665,100,402000.0,0.000402
1980-0133-PHL,(Ditang),1980,5.0,1980s,Pre-2010,Unspecified,,Minor,0,3063,0.003063,528,289000.0,0.000289
1980-0136-PHL,(Nitang/Osang),1980,7.0,1980s,Pre-2010,Unspecified,,Moderate,36,69237,0.069237,10451,0.0,0.0
1981-0062-PHL,Unnamed,1981,7.0,1980s,Pre-2010,Unspecified,Oriental Mindoro,Minor,0,28500,0.0285,3500,0.0,0.0
1981-0083-PHL,Clara,1981,9.0,1980s,Pre-2010,Luzon,Northern Luzon,Moderate,55,21905,0.021905,3340,6700000.0,0.0067
1981-0101-PHL,Irma (Anding),1981,11.0,1980s,Pre-2010,Unspecified,,Severe,261,840173,0.840173,0,35000000.0,0.035
1981-0112-PHL,Lee (Dinang),1981,12.0,1980s,Pre-2010,Visayas,"Samar, Mindoro, Luzon",Severe,250,180000,0.18,0,26000000.0,0.026
1981-0134-PHL,(Daling),1981,6.0,1980s,Pre-2010,Unspecified,,Severe,210,15478,0.015478,3356,7609000.0,0.007609
1981-0136-PHL,(Rubing),1981,8.0,1980s,Pre-2010,Unspecified,,Minor,5,9721,0.009721,1195,12908000.0,0.012908
1981-0138-PHL,(Yeyeng),1981,11.0,1980s,Pre-2010,Unspecified,,Minor,4,5736,0.005736,67,167000.0,0.000167
1982-0037-PHL,Mamie,1982,3.0,1980s,Pre-2010,Mindanao,S.E./N. Mindanao,Severe,117,16000,0.016,0,0.0,0.0
1982-0038-PHL,Nelson (Bising),1982,3.0,1980s,Pre-2010,Unspecified,Central province,Severe,151,789031,0.789031,304000,69000000.0,0.069
1982-0093-PHL,Faye,1982,8.0,1980s,Pre-2010,Unspecified,West,Moderate,70,25967,0.025967,0,6500000.0,0.0065
1982-0101-PHL,(Ruping),1982,9.0,1980s,Pre-2010,Luzon,C./S. Luzon,Moderate,65,50008,0.050008,5599,0.0,0.0
1982-0111-PHL,Nancy (Weling),1982,10.0,1980s,Pre-2010,Luzon,North Luzon,Moderate,96,64179,0.064179,12464,32000000.0,0.032
1982-0173-PHL,(Akang),1982,3.0,1980s,Pre-2010,Unspecified,,Moderate,25,25099,0.025099,1180,2400000.0,0.0024
1982-0174-PHL,(Emang),1982,7.0,1980s,Pre-2010,Unspecified,,Minor,10,12319,0.012319,431,4500000.0,0.0045
1982-0175-PHL,(Norming),1982,8.0,1980s,Pre-2010,Unspecified,,Moderate,29,36927,0.036927,5365,4200000.0,0.0042
1982-0176-PHL,(Aning),1982,12.0,1980s,Pre-2010,Unspecified,Visayan Sea region,Minor,0,85,8.5e-05,44,5000.0,5e-06
1983-0096-PHL,Vera (Bebeng),1983,7.0,1980s,Pre-2010,Luzon,Southeast Luzon,Severe,115,149892,0.149892,29054,1640000.0,0.00164
1983-0219-PHL,Ellen (Herming),1983,9.0,1980s,Pre-2010,Unspecified,,Minor,3,1684,0.001684,195,430000.0,0.00043
1983-0220-PHL,Orchid (Warling),1983,11.0,1980s,Pre-2010,Unspecified,,Minor,8,18854,0.018854,611,2250000.0,0.00225
1984-0073-PHL,June (Maring),1984,8.0,1980s,Pre-2010,Luzon,"Northern Luzon, Pangasinan province",Severe,138,483747,0.483747,7745,23000000.0,0.023
1984-0105-PHL,Agnes (Undang),1984,11.0,1980s,Pre-2010,Visayas,"Capiz, Ilailo, Aklau, Antique, Leyte, Eastern Samar, Roxas, Tacloban",Catastrophic,1079,2261900,2.2619,765965,96600000.0,0.0966
1984-0185-PHL,Ike (Nitang) and Maring,1984,9.0,1980s,Pre-2010,Mindanao,"Surigao del Norte, Bohol Isl, Mindanao, Negros Occidental, Cebu provinces",Catastrophic,1399,1786865,1.786865,547076,216700000.0,0.2167
1984-0186-PHL,Warren (Reming),1984,10.0,1980s,Pre-2010,Unspecified,,Moderate,63,2694,0.002694,740,190000.0,0.00019
1985-0124-PHL,Dot (Saling),1985,10.0,1980s,Pre-2010,Luzon,"Aurora, Nueva Ecija, Tarlac, Bur Lacan provinces (Central Luzon)",Catastrophic,81,1183626,1.183626,0,62373000.0,0.062373
1985-0190-PHL,Hal (Kuring) and Irma (Daling),1985,6.0,1980s,Pre-2010,Luzon,"Luzon, Ilocos Sur, Ilocos Norte, Benguet, Nueva Ecija, Bataan, Zambales, Vigan, Bantay, San Esteban, Laoag, Bagio city, Pampanga",Severe,100,420200,0.4202,200,20000000.0,0.02
1985-0192-PHL,Tess (Miling),1985,9.0,1980s,Pre-2010,Unspecified,,Minor,5,148,0.000148,56,660000.0,0.00066
1986-0080-PHL,Peggy (Gading),1986,7.0,1980s,Pre-2010,Luzon,"Ilocos, centra Luzon, Southern Tagalos, Metro Manilla",Severe,109,647313,0.647313,2689,30710000.0,0.03071
1986-0104-PHL,Wayne (Miding),1986,9.0,1980s,Pre-2010,Luzon,"Pangasinan, Bataan, Bulacan, Pampanga, Benguet, Abra, Zambales, Metro Manila",Moderate,23,482704,0.482704,0,13150000.0,0.01315
1986-0122-PHL,Dom (Oyang),1986,10.0,1980s,Pre-2010,Luzon,"Muntinlupa, Metro Manila, Bulacan",Moderate,22,82555,0.082555,0,1200000.0,0.0012
1986-0151-PHL,Ellen (Daling),1986,10.0,1980s,Pre-2010,Unspecified,,Minor,4,3134,0.003134,52,1400000.0,0.0014
1986-0152-PHL,Georgia (Ruping),1986,10.0,1980s,Pre-2010,Unspecified,,Moderate,2,308,0.000308,49,36000000.0,0.036
1986-0153-PHL,Narge (Aning),1986,12.0,1980s,Pre-2010,Unspecified,,Minor,16,26722,0.026722,3843,4000000.0,0.004
1987-0146-PHL,Betty (Herming),1987,8.0,1980s,Pre-2010,Luzon,"Batangas, Laguna, Bicol, Mindoro, Cavite, Luzon",Catastrophic,85,1269825,1.269825,297900,98600000.0,0.0986
1987-0197-PHL,Lynn (Pedang),1987,10.0,1980s,Pre-2010,Luzon,"Cagayan, Ilocos Norte, Kalin-Aapayo province",Severe,100,78979,0.078979,18396,25000000.0,0.025
1987-0212-PHL,Nina (Sisang),1987,11.0,1980s,Pre-2010,Visayas,"Region IV, Marinduque, Quezon, Laguna, Batangas, Region V, Sorgoson, Albay, Battan, Cavite, Masbaten Camarines Sur, Leyte, Northern Samar",Catastrophic,882,1819112,1.819112,0,56000000.0,0.056
1987-0239-PHL,Cart (Ising),1987,8.0,1980s,Pre-2010,Unspecified,,Minor,5,13336,0.013336,89,5600000.0,0.0056
1987-0240-PHL,Phillis (Trining),1987,12.0,1980s,Pre-2010,Unspecified,,Moderate,22,56380,0.05638,8754,8500000.0,0.0085
1988-0231-PHL,Susan (Biring),1988,5.0,1980s,Pre-2010,Unspecified,,Moderate,36,56000,0.056,0,1000000.0,0.001
1988-0312-PHL,Warren (Huaning),1988,7.0,1980s,Pre-2010,Luzon,Northern Luzon,Moderate,6,117355,0.117355,21235,11516000.0,0.011516
1988-0480-PHL,Ruby (Unsang),1988,10.0,1980s,Pre-2010,Mindanao,"Tarlac, Southern Tagalog, Metro Manila, Albay, Cebu, Cagayan de Oro provinces",Catastrophic,416,3250208,3.250208,0,240500000.0,0.2405
1988-0506-PHL,Skip (Yoning),1988,11.0,1980s,Pre-2010,Visayas,"Manilla, Tagalog, Bicol, western Visayas",Catastrophic,289,1045029,1.045029,45000,149060000.0,0.14906
1988-0557-PHL,Tess (Welpring),1988,11.0,1980s,Pre-2010,Unspecified,,Moderate,41,28913,0.028913,86,940000.0,0.00094
1989-0120-PHL,Gordon (Goring),1989,7.0,1980s,Pre-2010,Luzon,"Ilocos Sur, Ilocos Norte, Cagayan, Isabela, Nueva Vizcaya, La Union",Moderate,97,486382,0.486382,0,61000000.0,0.061
1989-0125-PHL,Dan (Saling),1989,10.0,1980s,Pre-2010,Visayas,"Albay, Bataan, Batangas, Bulacan, Camarines norte, Camarnies Sur, Cavite, Esatern Samar, Laguna, Marinduque, Masbate, Northern Leyte, Northern Samar, Nueva Ecija, Pampanga, Quezon, Rizal, Samar, Sorgoson, southern Leyte, Zambales, national capital region",Severe,58,736605,0.736605,76500,59200000.0,0.0592
1989-0126-PHL,Elsie (Tasing),1989,10.0,1980s,Pre-2010,Luzon,"Bataan, Benguet, Ifugao, Isabela, Kalinga-Apayao, La Union, Nueva Vizcaya, Pangasinan, Cagayan, Ilocios Sur, Neava Ecija, Quirino provinces, National capital region",Moderate,30,458679,0.458679,0,35400000.0,0.0354
1989-0127-PHL,Angela (Rubing),1989,10.0,1980s,Pre-2010,Luzon,"Cagayan, Ilocos Norte, Kalinga-Apayao, Nueva Viscayas provinces",Severe,147,289191,0.289191,84000,8000000.0,0.008
1989-0129-PHL,Sarah (Openg),1989,9.0,1980s,Pre-2010,Luzon,"Benguet, Ilocos Norte, Ilocos Sur, Kalinga Apayao, La Union, Zambales",Moderate,22,140021,0.140021,0,4300000.0,0.0043
1989-0132-PHL,Hunt (Unsing),1989,11.0,1980s,Pre-2010,Visayas,"Battan, Bulacan, Pampanga, North Metro Manila, Calauag Popillio Isl., northern Samar, Neava Ecija, Quezon, Rizal, Tarlac provinces",Minor,11,13050,0.01305,212,325000.0,0.000325
1989-0187-PHL,Breda (Bining),1989,5.0,1980s,Pre-2010,Unspecified,,Minor,13,12937,0.012937,652,2860000.0,0.00286
1990-0025-PHL,Ofelia (Biring) & Percy,1990,6.0,1990s,Pre-2010,Luzon,North and Eastern Luzon,Moderate,64,160014,0.160014,0,0.0,0.0
1990-0122-PHL,Mike (Ruping),1990,11.0,1990s,Pre-2010,Visayas,"Samar, Masbate provinces, Palwan, Iloilo, Negros occidental, Cebu",Catastrophic,503,6159569,6.159569,1110020,388500000.0,0.3885
1990-0400-PHL,Becky,1990,8.0,1990s,Pre-2010,Unspecified,,Moderate,85,0,0.0,0,0.0,0.0
1990-0401-PHL,Abe,1990,8.0,1990s,Pre-2010,Unspecified,North,Moderate,85,0,0.0,0,0.0,0.0
1990-0687-PHL,Dot,1990,9.0,1990s,Pre-2010,Unspecified,,Minor,0,0,0.0,0,0.0,0.0
1991-0174-PHL,Brendan,1991,7.0,1990s,Pre-2010,Unspecified,Near Tuguegaro (Pinatubo region),Minor,2,10000,0.01,10000,0.0,0.0
1991-0382-PHL,Ruth (Trining),1991,10.0,1990s,Pre-2010,Luzon,Luzon Isl.,Moderate,65,316038,0.316038,16000,90000000.0,0.09
1991-0383-PHL,Thelma (Uring),1991,11.0,1990s,Pre-2010,Visayas,"Bago, La Cariota, Bacalod (Negros) and Leyte",Catastrophic,5956,647254,0.647254,45750,100000000.0,0.1
1991-0517-PHL,Zeke (Etang),1991,7.0,1990s,Pre-2010,Luzon,"Catanduanes, Albay, Quezon Provinces (Southern Luzon Isl.)",Severe,47,505777,0.505777,0,85000000.0,0.085
1991-0521-PHL,Amy,1991,7.0,1990s,Pre-2010,Luzon,"Pampanga, Tarlac provinces",Minor,4,2500,0.0025,2500,0.0,0.0
1991-0525-PHL,Caitlin,1991,7.0,1990s,Pre-2010,Luzon,"Concepcion, Floridablanca, Manila",Minor,9,90296,0.090296,0,0.0,0.0
1992-0295-PHL,Eli (Konsing),1992,7.0,1990s,Pre-2010,Luzon,"Aurora, Zambales, Nueva Ecija, Nueva Vizcaya, Pangasinan, La Union, Benguet, Ifugao, Isabela, Tarlac provinces",Moderate,22,5135,0.005135,0,0.0,0.0
1992-0296-PHL,Gary,1992,7.0,1990s,Pre-2010,Luzon,Regions III and NCR,Moderate,42,134494,0.134494,0,0.0,0.0
1992-0492-PHL,Omar (Lusing),1992,8.0,1990s,Pre-2010,Luzon,Luzon Isl.,Moderate,11,173569,0.173569,1965,0.0,0.0
1993-0055-PHL,Koryn (Goring),1993,6.0,1990s,Pre-2010,Unspecified,"Cordillera autonomous region (including Bagio city), Regions I-IV (including Metro Manilla)",Minor,2,43735,0.043735,14322,442000.0,0.000442
1993-0077-PHL,Flo (Kadiang),1993,10.0,1990s,Pre-2010,Luzon,"Pampanga, Nueva Viscaya, Tarlac, Cagayan, Cavite, Bataan, Bulacan, Pangasinan, Nueva Ecija, Metro Manilla provinces",Catastrophic,124,1941566,1.941566,0,188000000.0,0.188
1993-0087-PHL,Lola (Monang) and Manny (Naning),1993,12.0,1990s,Pre-2010,Visayas,"Catanduanes, Camarines Sur, Camarines Norte, Albay, Marinduque, Mindoro Oriental, Quezon, Laguna, Batangas, Rizal provinces (Bicol peninsula, Luzon) Visayas, Masbate, Sorgoson, Occidental Mindoro, Romblon",Catastrophic,311,1159802,1.159802,164800,50000000.0,0.05
1993-0088-PHL,Kyle,1993,11.0,1990s,Pre-2010,Unspecified,,Minor,1,0,0.0,0,2000000.0,0.002
1993-0228-PHL,Nell (Puring),1993,12.0,1990s,Pre-2010,Mindanao,"Capiz, iloilo, Negros Oriental, Bohol, Cebu, Agusan del Norte, Cagayan de Oro, Caniguin, Southern Leyte, Surigao del Norte, Davao del Norte, Misamis Oriental",Moderate,52,366224,0.366224,0,17000000.0,0.017
1994-0034-PHL,Owen (Bising),1994,4.0,1990s,Pre-2010,Mindanao,"Negros Occidental, Cebu, Surigao del Sur, Palawan, Calaian",Moderate,15,105746,0.105746,59213,0.0,0.0
1994-0071-PHL,Yunya (Norming),1994,7.0,1990s,Pre-2010,Luzon,"Pampanga, Bulacan, Bataan, Zambales, Tarlac, Ilocos Sur, Olongapo, Angeles",Moderate,11,420728,0.420728,0,37600000.0,0.0376
1994-0072-PHL,Tim (Iliang),1994,7.0,1990s,Pre-2010,Luzon,"La Union, Pangasinan, Ilocos Sur, Ilocos Norte provinces, Laoag city (Luzon)",Moderate,17,166585,0.166585,0,1000000.0,0.001
1994-0073-PHL,Sharon (Gading),1994,6.0,1990s,Pre-2010,Luzon,"Metro Manila, Aurora, Nueva Ecija, Pampanga, Tarlac, Zambales provinces (Luzon)",Minor,2,23952,0.023952,0,0.0,0.0
1994-0074-PHL,Caitlin (Pasing),1994,8.0,1990s,Pre-2010,Luzon,"Pampanga, Zambales, Metro Manila (Luzon)",Minor,11,14000,0.014,0,0.0,0.0
1994-0215-PHL,Luke (Weling),1994,9.0,1990s,Pre-2010,Luzon,"Papoay, San Nicolas, Pasuquin municipalities (locos Norte province), Cagayan province",Minor,7,54674,0.054674,0,3900000.0,0.0039
1994-0313-PHL,Oyang,1994,7.0,1990s,Pre-2010,Luzon,"Pinatubo, Luzon",Moderate,39,0,0.0,0,1700000.0,0.0017
1994-0519-PHL,Teresa (Katring),1994,10.0,1990s,Pre-2010,Luzon,"Arora, Quezon, Laguna, Batangas, Rizal, Cavite, Bulacan, Bataan, Oriental Mindoro, Occidental Mindoro provinces (Luzon)",Moderate,32,258751,0.258751,258736,67400000.0,0.0674
1994-0594-PHL,Axel (Garding),1994,12.0,1990s,Pre-2010,Mindanao,"Leyte, Cebu Isl., Surigao, Luzon, Iloilo, Bacolod",Severe,49,867923,0.867923,0,26813000.0,0.026813
1994-0756-PHL,Vanessa,1994,7.0,1990s,Pre-2010,Unspecified,Kalinga-Apayao province,Minor,3,5300,0.0053,0,0.0,0.0
1995-0187-PHL,Kent (Gening),1995,8.0,1990s,Pre-2010,Unspecified,"Regions I, II, III, IV, V, Metro Manilla",Moderate,6,195886,0.195886,0,0.0,0.0
1995-0247-PHL,Sybil (Mameng),1995,10.0,1990s,Pre-2010,Mindanao,"Pampanga, Pangasinan, Bulacan, Laguna, Marinduque, Quezon, Barangas, Cavite, Albay, Antique, Cebu, Leyte, Siquijor, Bukidnon provinces and National Capital region",Severe,184,864437,0.864437,106000,38100000.0,0.0381
1995-0271-PHL,Angela (Rosing),1995,11.0,1990s,Pre-2010,Visayas,"Luzon, Visayas, Calauag",Catastrophic,882,1599588,1.599588,0,244000000.0,0.244
1995-0272-PHL,Zack (Pepang),1995,10.0,1990s,Pre-2010,Visayas,"Leyte, Samar, Central Visayas, Panays Islands, Palawan",Severe,146,348053,0.348053,0,30000000.0,0.03
1995-0486-PHL,Karing,1995,7.0,1990s,Pre-2010,Luzon,"Pampanga, Zambales, Tarlac (Luzon province)",Minor,0,20000,0.02,0,5000000.0,0.005
1996-0108-PHL,Gloria,1996,7.0,1990s,Pre-2010,Luzon,"Quzeon, Aurora, Quirino, Nueva Vizcaya, Isabela, Cagayan, Batanes, La Union, Ilocos Norte, Ilocos Sur (Luzon Isl.)",Moderate,26,36828,0.036828,0,38000000.0,0.038
1997-0180-PHL,Winnie,1997,8.0,1990s,Pre-2010,Unspecified,All country,Minor,18,53659,0.053659,0,5000000.0,0.005
1997-0203-PHL,Bining,1997,5.0,1990s,Pre-2010,Luzon,"Manilla, Luzon",Moderate,30,309111,0.309111,0,2500000.0,0.0025
1997-0252-PHL,Ivan,1997,10.0,1990s,Pre-2010,Luzon,Cagayan Prov.,Minor,1,4000,0.004,0,0.0,0.0
1998-0296-PHL,Vicky and Todd (Emang and Gading),1998,9.0,1990s,Pre-2010,Visayas,"North and Central Luzon Isl., cordillera Autonomous Region, central Visayas Isl., National Capital Region",Catastrophic,118,1749436,1.749436,0,87038000.0,0.087038
1998-0309-PHL,Zeb (Iliang),1998,10.0,1990s,Pre-2010,Unspecified,Town Of Tabuk Level 2 = Kalinga-Apayao (from GENAME),Catastrophic,75,1344619,1.344619,0,50000000.0,0.05
1998-0314-PHL,Babs (Loleng),1998,10.0,1990s,Pre-2010,Unspecified,Albay,Catastrophic,332,3902424,3.902424,0,71000000.0,0.071
1998-0404-PHL,Faith (Norming),1998,12.0,1990s,Pre-2010,Visayas,"E and W Samar, Cagayan, Pampanga, Bulacan, Isabela, Quenzon, W Mindoro, Palawan, Masbate, Albay, Sorsogon, Catanduanes, Aklan, Capiz, Antique, Iloilo, Leyte",Moderate,69,326520,0.32652,0,27399000.0,0.027399
1999-0390-PHL,Dan (Pepang),1999,10.0,1990s,Pre-2010,Luzon,"Provinces Of Cagayan, Ilocos, Sur, Pangasinan, La Union",Minor,7,41933,0.041933,4711,1800000.0,0.0018
2000-0257-PHL,Biring,2000,5.0,2000s,Pre-2010,Luzon,"National Capital region (NCR), Region III (Central Luzon) provinces",Moderate,12,235889,0.235889,0,1201000.0,0.001201
2000-0396-PHL,Kirogi,2000,7.0,2000s,Pre-2010,Luzon,National Capital region (NCR) province,Moderate,11,120000,0.12,120000,7500000.0,0.0075
2000-0397-PHL,Kai-Tak (Edeng),2000,7.0,2000s,Pre-2010,Visayas,"Caloocan, Manioma, Quezon cities (Metropolitan Manila district, National Capital region (NCR) province), Mindoro Oriental district (Region IV (Southern Tagalog) province), Cavite, Rizal districts (Region IV-A (Calabarzon) province), Iloilo, Negros Occidental districts (Region VI (Western Visayas) province), Region I (Ilocos region), Region III (Central Luzon) provinces",Catastrophic,75,1483321,1.483321,0,25763000.0,0.025763
2000-0706-PHL,Xangsane (Reming),2000,10.0,2000s,Pre-2010,Visayas,"Cavite district (Region IV-A (Calabarzon) province), Sorsogon, Catanduanes, Albay districts (Region V (Bicol region) province), Metropolitan Manila district (National Capital region (NCR) province), Samar districts (Region VIII (Eastern Visayas) province)",Catastrophic,154,2436256,2.436256,0,17000000.0,0.017
2000-0715-PHL,Bebinca (Seniang),2000,11.0,2000s,Pre-2010,Luzon,"Metropolitan Manila district (National Capital region (NCR) province), Rizal, Laguna districts (Region IV-A (Calabarzon) province), Cagayan, Nueva Vizcaya districts (Region II (Cagayan Valley) province)",Catastrophic,94,1747872,1.747872,0,31000000.0,0.031
2000-0788-PHL,Rumbia (Toyang),2000,11.0,2000s,Pre-2010,Mindanao,"Autonomous region in Muslim Mindanao (ARMM), Region VI (Western Visayas), Region VII (Central Visayas), Region VIII (Eastern Visayas), Region IX (Zamboanga Peninsula), Region X (Northern Mindanao), Region XI (Davao Region), Region XII (Soccsksargen), Region XIII (Caraga) provinces Central Philippines",Moderate,48,164093,0.164093,0,1000000.0,0.001
2001-0054-PHL,Auring,2001,2.0,2000s,Pre-2010,Mindanao,"Region VI (Western Visayas), Region VII (Central Visayas), Region VIII (Eastern Visayas), Autonomous region in Muslim Mindanao (ARMM), Region IX (Zamboanga Peninsula), Region X (Northern Mindanao), Region XI (Davao Region), Region XII (Soccsksargen), Region XIII (Caraga) provinces",Moderate,55,100084,0.100084,100000,6000000.0,0.006
2001-0319-PHL,Utor (Feria),2001,7.0,2000s,Pre-2010,Visayas,"Region I (Ilocos region), Region II (Cagayan Valley), Region III (Central Luzon), Region IV (Southern Tagalog), Region VIII (Eastern Visayas), Cordillera Administrative region (CAR), National Capital region (NCR) provinces",Catastrophic,232,1902654,1.902654,0,68565000.0,0.068565
2001-0614-PHL,Lingling (Nanang),2001,11.0,2000s,Pre-2010,Mindanao,"Camiguin, Misamis Oriental districts (Region X (Northern Mindanao) province)",Catastrophic,290,1060147,1.060147,0,22700000.0,0.0227
2001-0758-PHL,Kajiki (Quedan),2001,12.0,2000s,Pre-2010,Visayas,"Cebu district (Region VII (Central Visayas) province), Leyte district (Region VIII (Eastern Visayas) province)",Minor,6,54840,0.05484,0,96000.0,9.6e-05
2002-0408-PHL,Chata'an,2002,7.0,2000s,Pre-2010,Luzon,National Capital region (NCR) province,Severe,33,700041,0.700041,0,1000000.0,0.001
2002-0423-PHL,Halong (Anday),2002,7.0,2000s,Pre-2010,Luzon,"Cordillera Administrative region (CAR), National Capital region (NCR), Region I (Ilocos region), Region II (Cagayan Valley), Region III (Central Luzon), Region IV (Southern Tagalog), Region IV-A (Calabarzon), Region V (Bicol region) provinces",Moderate,62,11000,0.011,0,5664000.0,0.005664
2002-0528-PHL,Rammasun (Florita),2002,6.0,2000s,Pre-2010,Luzon,National Capital region (NCR) province,Minor,7,3000,0.003,3000,0.0,0.0
2003-0258-PHL,Linfa (Chedeng),2003,5.0,2000s,Pre-2010,Visayas,"Benguet district (Cordillera Administrative region (CAR) province), Bataan, Bulacan, Zambales districts (Region III (Central Luzon) province), Mindoro Occidental, Romblon districts (Region IV (Southern Tagalog) province), Batangas, Cavite, Rizal districts (Region IV-A (Calabarzon) province), Iloilo district (Region VI (Western Visayas) province), National Capital region (NCR), Region I (Ilocos region) provinces",Moderate,51,13909,0.013909,2548,4000000.0,0.004
2003-0290-PHL,Soudelor (Egay),2003,6.0,2000s,Pre-2010,Visayas,"Sorsogon, Albay, Catanduanes, Camarines Sur districts (Region V (Bicol region) province), Biliran, Leyte districts (Region VIII (Eastern Visayas) province)",Moderate,13,127130,0.12713,80655,2455000.0,0.002455
2003-0346-PHL,Imbudo,2003,7.0,2000s,Pre-2010,Mindanao,"Maguindanao district (Autonomous region in Muslim Mindanao (ARMM) province), North Cotabato, Sultan Kudarat districts (Region XII (Soccsksargen) province), Isabela district (Region II (Cagayan Valley) province), Ilocos Norte district (Region I (Ilocos region) province), Romblon district (Region IV (Southern Tagalog) province)",Moderate,21,14280,0.01428,0,26468000.0,0.026468
2003-0822-PHL,Gilas (Koni),2003,7.0,2000s,Pre-2010,Visayas,"Region IV (Southern Tagalog), Region VIII (Eastern Visayas) provinces",Moderate,8,116602,0.116602,0,1499000.0,0.001499
2003-0823-PHL,Ineng,2003,7.0,2000s,Pre-2010,Mindanao,"Region V (Bicol region), Region VIII (Eastern Visayas), Region X (Northern Mindanao) provinces",Minor,0,3748,0.003748,0,146000.0,0.000146
2003-0824-PHL,Kabayan,2003,8.0,2000s,Pre-2010,Luzon,Region III (Central Luzon) province,Moderate,0,155147,0.155147,0,661000.0,0.000661
2004-0218-PHL,Nida (Dindo/04W),2004,5.0,2000s,Pre-2010,Luzon,Region V (Bicol region) province,Moderate,31,714,0.000714,700,1000000.0,0.001
2004-0309-PHL,Mindulle (Igme/10W),2004,6.0,2000s,Pre-2010,Mindanao,"Cagayan district (Region II (Cagayan Valley) province), Ilocos Norte, La Union districts (Region I (Ilocos region) province), Autonomous region in Muslim Mindanao (ARMM), Region IX (Zamboanga Peninsula), Region X (Northern Mindanao), Region XI (Davao Region), Region XII (Soccsksargen), Region XIII (Caraga) provinces",Moderate,28,385012,0.385012,0,19667000.0,0.019667
2004-0435-PHL,Aere (Marce/20W),2004,8.0,2000s,Pre-2010,Luzon,"Benguet, Ifugao districts (Cordillera Administrative region (CAR) province), La Union, Pangasinan districts (Region I (Ilocos region) province), Nueva Vizcaya district (Region II (Cagayan Valley) province), Bataan, Bulacan, Nueva Ecija, Pampanga, Tarlac, Zambales districts (Region III (Central Luzon) province), Rizal district (Region IV-A (Calabarzon) province)",Catastrophic,35,1058849,1.058849,0,0.0,0.0
2004-0580-PHL,Muifa (Unding/29W),2004,11.0,2000s,Pre-2010,Luzon,"Mindoro Occidental, Mindoro Oriental districts (Region IV (Southern Tagalog) province), Region IV-A (Calabarzon), Region V (Bicol region) provinces",Severe,104,838674,0.838674,0,6000000.0,0.006
2004-0602-PHL,Merbok (Violeta),2004,11.0,2000s,Pre-2010,Luzon,Aurora district (Region III (Central Luzon) province),Moderate,29,2014,0.002014,2000,0.0,0.0
2004-0609-PHL,Winnie,2004,11.0,2000s,Pre-2010,Luzon,"Real, Infanta, General Nakar areas (Quezon district, Region IV-A (Calabarzon) province), Isabela district (Region II (Cagayan Valley) province), Bulacan, Nueva Ecija, Aurora districts (Region III (Central Luzon) province), Rizal district (Region IV-A (Calabarzon) province), Camarines Sur district (Region V (Bicol region) province)",Catastrophic,1619,881023,0.881023,0,78200000.0,0.0782
2004-0618-PHL,Nanmadol (Yoyong/30W),2004,11.0,2000s,Pre-2010,Luzon,Region V (Bicol region) province,Moderate,8,70488,0.070488,0,34000000.0,0.034
2005-0120-PHL,Roke (Auring/02W),2005,3.0,2000s,Pre-2010,Visayas,Leyte district (Region VIII (Eastern Visayas) province),Minor,18,11,1.1e-05,0,0.0,0.0
2005-0540-PHL,Damrey,2005,9.0,2000s,Pre-2010,Luzon,"Cordillera Administrative region (CAR), National Capital region (NCR), Region I (Ilocos region), Region II (Cagayan Valley), Region III (Central Luzon), Region IV (Southern Tagalog), Region IV-A (Calabarzon), Region V (Bicol region) provinces",Minor,16,20000,0.02,0,2000000.0,0.002
2006-0251-PHL,Chanchu (Caloy),2006,5.0,2000s,Pre-2010,Visayas,"Region IV (Southern Tagalog), Region V (Bicol region), Region VI (Western Visayas), Region VII (Central Visayas), Region VIII (Eastern Visayas) provinces",Moderate,41,42000,0.042,0,3328000.0,0.003328
2006-0362-PHL,Bilis,2006,7.0,2000s,Pre-2010,Luzon,"Cordillera Administrative region (CAR), Region I (Ilocos region), Region II (Cagayan Valley) provinces",Moderate,37,51680,0.05168,0,3000000.0,0.003
2006-0388-PHL,Kaemi,2006,7.0,2000s,Pre-2010,Luzon,Region III (Central Luzon) province,Moderate,4,200355,0.200355,0,471000.0,0.000471
2006-0410-PHL,Typhoon 'Prapiroon' (Henry/T0606),2006,8.0,2000s,Pre-2010,Luzon,Quirino district (Region II (Cagayan Valley) province),Severe,6,15000,0.015,0,135000000.0,0.135
2006-0415-PHL,Henry,2006,6.0,2000s,Pre-2010,Luzon,"Tarlac, Zambales, Nueva Ecija districts (Region III (Central Luzon) provinces)",Moderate,8,476027,0.476027,0,645000.0,0.000645
2006-0517-PHL,Xangsane (Milenyo),2006,9.0,2000s,Pre-2010,Visayas,"Cordillera Administrative region (CAR), National Capital region (NCR), Region I (Ilocos region), Region II (Cagayan Valley), Region III (Central Luzon), Region IV (Southern Tagalog), Region IV-A (Calabarzon), Region V (Bicol region), Region VI (Western Visayas) provinces",Catastrophic,228,3842406,3.842406,0,113000000.0,0.113
2006-0600-PHL,Cimaron (Paeng),2006,10.0,2000s,Pre-2010,Luzon,"Cagayan, Quirino, Isabela, Nueva Vizcaya districts (Region II (Cagayan Valley) province), Benguet, Kalinga districts (Cordillera Administrative region (CAR) province), Aurora district (Region III (Central Luzon) province), La Union district (Region I (Ilocos region) province)",Moderate,34,283021,0.283021,0,9077000.0,0.009077
2006-0610-PHL,Queenie (Chebi),2006,11.0,2000s,Pre-2010,Luzon,"Isabela district (Region II (Cagayan Valley) province), Aurora, Nueva Ecija districts (Region III (Central Luzon) province)",Minor,6,21260,0.02126,0,0.0,0.0
2006-0648-PHL,Durian (Reming),2006,11.0,2000s,Pre-2010,Luzon,"Albay, Catanduanes, Camarines Norte, Camarines Sur, Sorsogon districts (Region V (Bicol region) province), Mindoro Occidental, Mindoro Oriental, Marinduque districts (Region IV (Southern Tagalog) province), Batangas, Laguna districts (Region IV-A (Calabarzon) province)",Catastrophic,1399,2562517,2.562517,0,66400000.0,0.0664
2006-0667-PHL,Utor (Seniang),2006,12.0,2000s,Pre-2010,Visayas,"Region IV (Southern Tagalog), Region V (Bicol region), Region VI (Western Visayas), Region VII (Central Visayas), Region VIII (Eastern Visayas) provinces",Moderate,42,327542,0.327542,0,0.0,0.0
2007-0346-PHL,Chedeng and Dodong,2007,8.0,2000s,Pre-2010,Luzon,"National Capital region (NCR), Region III (Central Luzon) provinces",Severe,7,921462,0.921462,0,492000.0,0.000492
2007-0380-PHL,Sepat,2007,8.0,2000s,Pre-2010,Luzon,"Region III (Central Luzon), Region IV-A (Calabarzon), Region V (Bicol region) provinces",Moderate,3,380000,0.38,0,492000.0,0.000492
2007-0457-PHL,Wipha/Goring,2007,9.0,2000s,Pre-2010,Visayas,Negros Occidental district (Region VI (Western Visayas) province),Minor,2,30000,0.03,0,0.0,0.0
2007-0463-PHL,Lekima (Hanna),2007,9.0,2000s,Pre-2010,Unspecified,"Ifugao, Kalinga districts (Cordillera Administrative region (CAR) province)",Minor,8,2000,0.002,0,0.0,0.0
2007-0560-PHL,Kabayan (Peipah),2007,11.0,2000s,Pre-2010,Luzon,"Isabela, Cagayan districts (Region II (Cagayan Valley) province)",Minor,8,33884,0.033884,0,2971000.0,0.002971
2007-0576-PHL,Mitag (Mina) (23),2007,11.0,2000s,Pre-2010,Luzon,"Isabela district (Region II (Cagayan Valley) province), Camarines Sur, Camarines Norte districts (Region V (Bicol region) province)",Moderate,29,443115,0.443115,0,5000000.0,0.005
2007-0578-PHL,Hagibis (Lando) (24),2007,11.0,2000s,Pre-2010,Mindanao,"Region VII (Central Visayas), Region X (Northern Mindanao) provinces",Moderate,20,35333,0.035333,0,1000000.0,0.001
2007-0668-PHL,Goring,2007,9.0,2000s,Pre-2010,Mindanao,"Region IV (Southern Tagalog), Region VI (Western Visayas), Region VII (Central Visayas), Region VIII (Eastern Visayas), Autonomous region in Muslim Mindanao (ARMM), Region IX (Zamboanga Peninsula), Region X (Northern Mindanao), Region XI (Davao Region), Region XII (Soccsksargen), Region XIII (Caraga) provinces",Minor,1,64000,0.064,0,0.0,0.0
2008-0155-PHL,"Typhoon ""Neoguri"" (Ambo)",2008,4.0,2000s,Pre-2010,Mindanao,"Autonomous region in Muslim Mindanao (ARMM), Region IX (Zamboanga Peninsula), Region X (Northern Mindanao), Region XI (Davao Region), Region XII (Soccsksargen), Region XIII (Caraga) provinces",Minor,1,0,0.0,0,16000000.0,0.016
2008-0197-PHL,Halong (Cosme),2008,5.0,2000s,Pre-2010,Luzon,"Pangasinan, La Union districts (Region I (Ilocos region) province), Zambales district (Region III (Central Luzon) province)",Catastrophic,64,1496668,1.496668,0,99174000.0,0.099174
2008-0249-PHL,Typhoon Fengshen (Franck),2008,6.0,2000s,Pre-2010,Mindanao,"Aklan, Antique, Capiz, Iloilo, Negros Occidental districts (Region VI (Western Visayas) province), Cebu district (Region VII (Central Visayas) province), Leyte, Eastern Samar, Samar districts (Region VIII (Eastern Visayas) province), Marinduque, Mindoro Oriental, Romblon districts (Region IV (Southern Tagalog) province), Masbate district (Region V (Bicol region) province), North Cotabato, South Cotabato districts (Region XII (Soccsksargen) province)",Catastrophic,644,4785460,4.78546,0,284694000.0,0.284694
2008-0292-PHL,"Tropical Storm ""Fung-Wong"" (Igme)",2008,7.0,2000s,Pre-2010,Luzon,"Piddig, Pasuquin areas (Metropolitan Manila district, National Capital region (NCR) province), Ilocos Norte, Ilocos Sur districts (Region I (Ilocos region) province), Abra district (Cordillera Administrative region (CAR) province)",Minor,10,22081,0.022081,0,40000.0,4e-05
2008-0329-PHL,"Tropical storm ""Kammuri"" (Julian)",2008,8.0,2000s,Pre-2010,Luzon,"Quezon city (Metropolitan Manila district, National Capital region (NCR) province), Cordillera Administrative region (CAR), Region I (Ilocos region), Region III (Central Luzon) provinces",Minor,2,4498,0.004498,0,0.0,0.0
2008-0369-PHL,"Tropical storm ""Nuri"" (Karen)",2008,8.0,2000s,Pre-2010,Luzon,"Region I (Ilocos region), Region II (Cagayan Valley), Cordillera Administrative region (CAR) provinces",Moderate,38,429463,0.429463,0,33870000.0,0.03387
2008-0426-PHL,"Typhoon ""Hagupit"" (Nina)",2008,9.0,2000s,Pre-2010,Unspecified,"Itogon area (Benguet district, Cordillera Administrative region (CAR) province)",Moderate,37,46132,0.046132,4485,7420000.0,0.00742
2008-0540-PHL,"Tropical Storm ""Maysak"" (Quinta-Sony)",2008,11.0,2000s,Pre-2010,Visayas,"Region IV (Southern Tagalog), Region V (Bicol region), Region VI (Western Visayas), Region VII (Central Visayas), Region VIII (Eastern Visayas) provinces",Minor,19,474,0.000474,160,0.0,0.0
2008-0609-PHL,"TYphoon ""Rammasun"" (Butchoy)",2008,5.0,2000s,Pre-2010,Unspecified,"Lambayong, Esperanza areas (Sultan Kudarat district, Region XII (Soccsksargen) province)",Minor,1,8390,0.00839,0,280000.0,0.00028
2008-0621-PHL,"Typhoon ""Helen""",2008,7.0,2000s,Pre-2010,Luzon,"Nueva Era, Paoay, San Nicolas, Bangui, Batac city, Dingras, Pasuquin, Marcos, Piddig, Laoag city, Bacarra, Sarrat, Currimao, Pagudpud areas (Ilocos Norte district, Region I (Ilocos region) province), Luna area (La Union district, Region I (Ilocos region) province), Santa Terisita area (Cagayan district, Region II (Cagayan Valley) province)",Minor,2,31130,0.03113,0,147000.0,0.000147
2008-0623-PHL,"TRopical storm ""Higos"" (Pablo)",2008,9.0,2000s,Pre-2010,Luzon,"Nueva Ecija, Pampanga districts (Region III (Central Luzon) province)",Minor,1,27683,0.027683,0,0.0,0.0
2009-0165-PHL,"Typhoon ""Emong"" (Chanom)",2009,5.0,2000s,Pre-2010,Luzon,"Aringay, Agoo, Bacnotan, Bagulin, Bauang, Burgos, Caba, Naguillian Pugo, Rosario, San Gabriel, San Juan, Sto Thomas, Tubao, San Fernando areas (La Union district, Region I (Ilocos region) province), Anda, Agno, Bani, Bolinao, Dasol, Infanta, Lingayan, Mabini, Sta Barbara, Sual, Alaminos city, Dagupan areas (Pangasinan district, Region I (Ilocos region) province), Ambaguio, Bagabag, Bambang, Bayombong, Dupax del Sur, Solano, Sta Fe areas (Nueva Vizcaya district, Region II (Cagayan Valley) province), Aurora, Cabaruan, Cordon, Delfin Albano, Ilagan, Luna, Quirino, Ramon, Reina Mercedes, Cauayan city, Santiago areas (Isabela district, Region II (Cagayan Valley) province), Cabarroguis, Saguiday areas (Quirino district, Region II (Cagayan Valley) province), Rizal area (Cagayan district, Region II (Cagayan Valley) province), Sta Cruz, Olongapo areas (Zambales district, Region III (Central Luzon) province), Guagua area (Pampanga district, Region III (Central Luzon) province), Kiangan, Asipulo, Lamut, Lagawe, Hingyon, Hungduan, Tinoc, Aguinaldo, Alfonso Lista areas (Ifugao district, Cordillera Administrative region (CAR) province), Pinukpuk, Lubuagan areas (Kalinga district, Cordillera Administrative region (CAR) province), Baguio city (Benguet district, Cordillera Administrative region (CAR) province)",Moderate,77,401007,0.401007,0,30342000.0,0.030342
2009-0174-PHL,"Typhhon ""Dante"" (Kujira)",2009,4.0,2000s,Pre-2010,Luzon,Region V (Bicol region) province,Moderate,29,383465,0.383465,0,25810000.0,0.02581
2009-0239-PHL,"Topical Storm ""Feria"" (Nangka)",2009,7.0,2000s,Pre-2010,Visayas,"Metropolitan Manila district (National Capital region (NCR) province), Pampanga district (Region III (Central Luzon) province), Batangas, Cavite, Quezon districts (Region IV-A (Calabarzon) province), Romblon, Mindoro Oriental, Mindoro Occidental, Marinduque districts (Region IV (Southern Tagalog) province), Albay, Camarines Sur, Masbate districts (Region V (Bicol region) province), Antique district (Region VI (Western Visayas) province), Cebu district (Region VII (Central Visayas) province), Region VIII (Eastern Visayas) province",Moderate,16,110405,0.110405,0,4281000.0,0.004281
2009-0265-PHL,"Tropical Storm ""Isang"" (Molave)",2009,7.0,2000s,Pre-2010,Luzon,"Dingras, Nueva Era, Paoay, Batac, Adams, Pinili, Piddig, San Nicolas, Banna, Marcos, Solsona, Sarrat, Pasuqion areas (Ilocos Norte district, Region I (Ilocos region) province), Naic, Kawit, Noveleta, Bacoor, Cavite areas (Cavite district, Region IV-A (Calabarzon) province), San Mateo, Rodriguez areas (Rizal district, Region IV-A (Calabarzon) province), Passig, Las Pinas, Marikina, Quezon, Taguig areas (Metropolitan Manila district, National Capital region (NCR) province)",Moderate,5,248058,0.248058,0,0.0,0.0
2009-0321-PHL,Typhoon Morakot (Kiko),2009,8.0,2000s,Pre-2010,Luzon,"Benguet district (Cordillera Administrative region (CAR) province), Tarlac, Zambales districts (Region III (Central Luzon) province), Pangasinan district (Region I (Ilocos region) province)",Moderate,26,94229,0.094229,0,25000000.0,0.025
2009-0360-PHL,Tropical storm Labuyo (Dujuan),2009,9.0,2000s,Pre-2010,Visayas,"Botolan area (Zambales district, Region III (Central Luzon) province), Pilar, Morong, Hermosa, Dinalupihan areas (Bataan district, Region III (Central Luzon) province), Sibalom area (Antique district, Region VI (Western Visayas) province), San Erique, Pontevedra, La Carlota City, Valladolid, Hinigaran areas (Negros Occidental district, Region VI (Western Visayas) province), Bayawan city (Negros Oriental district, Region VII (Central Visayas) province)",Minor,1,95700,0.0957,0,0.0,0.0
2009-0373-PHL,Tropical depression Maring,2009,9.0,2000s,Pre-2010,Luzon,"Botolan, Iba, San Antonio, San Felipe, San Marcelino areas (Zambales district, Region III (Central Luzon) province), Abucay, Bagac, Dinalupihan, Hermosa, Morong, Pilar, Samal areas (Bataan district, Region III (Central Luzon) province), Apalit, Arayat, Bacolor, Floridabanca, Guagua, Lubao, Masantol, Mexico, Minalin, San Luis, Sasmuan, Stanta Ana, Santo Thomas areas (Pampanga district, Region III (Central Luzon) province), Balagtas, Calumpit, Guiguinto, Marilao, Meycauayan, San Miguel areas (Bulacan district, Region III (Central Luzon) province), Calamba city (Laguna district, Region IV-A (Calabarzon) province)",Moderate,15,388373,0.388373,0,6303000.0,0.006303
2009-0374-PHL,Tropical Depression Nando,2009,9.0,2000s,Pre-2010,Luzon,"Santa Teresita area (Cagayan district, Region II (Cagayan Valley) province), Silang area (Cavite district, Region IV-A (Calabarzon) province), Santa Cruz, Bay, Los Banos, Santa Rosa, Calamba, Banan, San Pedro areas (Laguna district, Region IV-A (Calabarzon) province), Pasil area (Kalinga district, Cordillera Administrative region (CAR) province)",Minor,3,48333,0.048333,0,0.0,0.0
2009-0414-PHL,"Tropical storm ""Ondoy"" (Ketsana)",2009,9.0,2000s,Pre-2010,Mindanao,"Bolinao, Sual, Dagupan areas (Pangasinan district, Region I (Ilocos region) province), Rizal, Cabarroguis areas (Quirino district, Region II (Cagayan Valley) province), Mandaluyong, Manila, Marikina, Muntinlupa, Navotas, Paranaque, Pasig, Las Pinas, Caloocan, Makati, Valenzuela, Malabon, Pateros, Quezon, Taguig, San Juan, Pasay areas (Metropolitan Manila district, National Capital region (NCR) province), Balanga, Orani, Mariveles, Hermosa areas (Bataan district, Region III (Central Luzon) province), Angat, Balagtas, Baliwag, Bocaue, Bulacan, Bustos, Calumpit, Guiguinto, Hagonoy, Malolos, Marilao, Meycauayan, Plaridel, San Miguel areas (Bulacan district, Region III (Central Luzon) province), Arayal, Bacolor, Lubao, Mabelacat, San Simon, San Luis, San Fernando city, Sto.Tomas, Floridablanca, Sta.Rita areas (Pampanga district, Region III (Central Luzon) province), Licab area (Nueva Ecija district, Region III (Central Luzon) province), Magsaysay, San Jose areas (Mindoro Occidental district, Region IV (Southern Tagalog) province), Naga City, Sangay, Pasacao areas (Camarines Sur district, Region V (Bicol region) province), San Pascuan area (Masbate district, Region V (Bicol region) province), Pioduran area (Albay district, Region V (Bicol region) province), Pilar area (Sorsogon district, Region V (Bicol region) province), Zamboanga city (Zamboanga Del Sur district, Region IX (Zamboanga Peninsula) province), Kalamasig area (Sultan Kudarat district, Region XII (Soccsksargen) province), Kabugao area (Apayao district, Cordillera Administrative region (CAR) province), Kabayan area (Benguet district, Cordillera Administrative region (CAR) province), Region IV-A (Calabarzon) province",Catastrophic,501,4901763,4.901763,0,237489000.0,0.237489
2009-0422-PHL,"Typhoon ""Pepeng"" (Parma)",2009,9.0,2000s,Pre-2010,Visayas,"Isabela, Nueva Vizcaya, Cagayan districts (Region II (Cagayan Valley) province), Quezon district (Region IV-A (Calabarzon) province), Albay, Camarines Sur, Catanduanes, Sorsogon districts (Region V (Bicol region) province), Negros Occidental district (Region VI (Western Visayas) province), Cordillera Administrative region (CAR), National Capital region (NCR), Region I (Ilocos region), Region III (Central Luzon) provinces",Catastrophic,512,4478491,4.478491,0,585379000.0,0.585379
2009-0478-PHL,"Tropical storm ""Mirinae"" (Santi)",2009,10.0,2000s,Pre-2010,Luzon,"Aurora, Bataan, Bulacan districts (Region III (Central Luzon) province), Mindoro Occidental, Mindoro Oriental districts (Region IV (Southern Tagalog) province), Albay, Camarines Norte, Camarines Sur districts (Region V (Bicol region) province), National Capital region (NCR), Region IV-A (Calabarzon) province",Severe,39,802175,0.802175,0,15194000.0,0.015194
2009-0521-PHL,"Tropical depression ""Urduja""",2009,11.0,2000s,Pre-2010,Mindanao,"Agusan del Norte district (Region XIII (Caraga) province), Region VII (Central Visayas), Region X (Northern Mindanao) provinces",Minor,4,48142,0.048142,0,12000.0,1.2e-05
2009-0606-PHL,Goni (Jolina),2009,8.0,2000s,Pre-2010,Mindanao,"Panay area (Capiz district, Region VI (Western Visayas) province), Negros Occidental, Negros Oriental districts (Region VII (Central Visayas) province), Region IX (Zamboanga Peninsula), Region X (Northern Mindanao), Region XI (Davao Region), Region XII (Soccsksargen), Region XIII (Caraga) provinces",Moderate,14,221422,0.221422,0,2888000.0,0.002888
2010-0308-PHL,Typhoon Conson (Basyang),2010,7.0,2010s,Post-2010,Luzon,"Manila City, Muntinlupa City, Pateros areas (Metropolitan Manila district, National Capital region (NCR) province), Dingalan area (Aurora district, Region III (Central Luzon) province), Abucay, Bagac, Balanga, Limay, Mariveles, Morong, Orani, Orion, Samal (Bataan district, Region III (Central Luzon) province), Malolos city (Bulacan district, Region III (Central Luzon) province), Masantol area (Pampanga district, Region III (Central Luzon) province), Basud, Capalonga, Daet, Jose Panganiban, Labo, Mercedes, Paracale, San Lorenzo Ruiz, Santa Elena, Talisay, Vinzons areas (Camarines Norte district, Region V (Bicol region) province), Bombon, Caramoan, Lagonoy, Pasacao, Siruma areas (Camarines Sur district, Region V (Bicol region) province), Bagamanoc, Caramoran, Gigmoto, Pandan areas (Catanduanes district, Region V (Bicol region) province), Region IV-A (Calabarzon) province",Severe,146,585474,0.585474,0,8675000.0,0.008675
2010-0383-PHL,Tropical storm Ester (Dianmu),2010,8.0,2010s,Post-2010,Luzon,"Sitio Sabitan area (Santo Rosario borough, Malolos city, Bulacan district, Region III (Central Luzon) province), Navostas area (Metropolitan Manila district, National Capital region (NCR) province), Region IV (Southern Tagalog) province",Moderate,31,1045,0.001045,0,0.0,0.0
2010-0543-PHL,Typhoon Megi (Juan),2010,10.0,2010s,Post-2010,Luzon,"Aringuay, Bangar areas (La Union district, Region I (Ilocos region) province), Bolinao areas (Pangasinan district, Region I (Ilocos region) province), Aparri, Claveria, Gonzaga, Iguig, Lasam, Rizal, Santa Aba, Santa Praxedes, Santa Teresita, Santo Nino, Tiao areas (Cagayan district, Region II (Cagayan Valley) province), Dinapigue, Divilacan, San Mariano, Santa Maria (Isabela district, Region II (Cagayan Valley) province), Casiguran, Dilasag, Dinalungan areas (Aurora district, Region III (Central Luzon) province), Bagio City, Itogon, La Trinidad, Tublay areas (Benguet district, Cordillera Administrative region (CAR) province), Pinukbuk, Tabuk areas (Kalinga district, Cordillera Administrative region (CAR) province), Tadian area (Mountain Province district, Cordillera Administrative region (CAR) province)",Catastrophic,35,2009026,2.009026,0,275745000.0,0.275745
2011-0157-PHL,Typhoon Bebeng (Aere),2011,5.0,2010s,Post-2010,Visayas,"Bulacan, Zambales districts (Region III (Central Luzon) province), Cebu district (Region VII (Central Visayas) province), Eastern Samar, Leyte, Northern Samar, Samar districts (Region VIII (Eastern Visayas) province), National Capital region (NCR), Region V (Bicol region)",Moderate,37,430092,0.430092,0,31259000.0,0.031259
2011-0203-PHL,"Tropical storm ""Dodong"" (Sarika)",2011,6.0,2010s,Post-2010,Luzon,"National Capital region (NCR), Region III (Central Luzon), Region IV (Southern Tagalog), Region IV-A (Calabarzon) provinces",Minor,9,1152,0.001152,0,0.0,0.0
2011-0231-PHL,"Topical storm ""Meari"" (Falcon)",2011,6.0,2010s,Post-2010,Luzon,"Pangasinan district (Region I (Ilocos region) province), Batangas, Cavite, Rizal districts (Region IV-A (Calabarzon) province), Albay, Camarines Sur districts (Region V (Bicol region) province, National Capital region (NCR), Region III (Central Luzon) provinces",Catastrophic,20,1700089,1.700089,0,12869000.0,0.012869
2011-0272-PHL,Topical storm Juaning (Nock-ten),2011,7.0,2010s,Post-2010,Visayas,"La Pinas area (Metropolitan Manila district, National Capital region (NCR) province), Nueva Ecija district (Region III (Central Luzon) province), Cavite, Quezon districts (Region IV-A (Calabarzon) province), Marinduque district (Region IV (Southern Tagalog) province), Iloilo district (Region VI (Western Visayas) province), Siquijor district (Region VII (Central Visayas) province), Leyte district (Region VIII (Eastern Visayas) province), Ifugao district (Cordillera Administrative region (CAR) province), Region V (Bicol region) province",Catastrophic,84,1108224,1.108224,0,63258000.0,0.063258
2011-0279-PHL,"Typhoon ""Kabayan"" (Muifa)",2011,8.0,2010s,Post-2010,Luzon,"Mandaluyong, Marikina, Quezon, San Juan cities (Metropolitan Manila district, National Capital region (NCR) province), Japalit area (Pampanga district, Region III (Central Luzon) province), Paniqui area (Tarlac district, Region III (Central Luzon) province), Calatagan, Malvar areas (Batangas district, Region IV-A (Calabarzon) province), Antopolo City, Rodriguez, San Mateo areas (Rizal district, Region IV-A (Calabarzon) province)",Minor,11,8423,0.008423,0,59000.0,5.9e-05
2011-0341-PHL,Typhoon Mina (Nanmadol),2011,8.0,2010s,Post-2010,Mindanao,"Quezon City area (Metropolitan Manila district, National Capital region (NCR) province), Zambales, Bulacan districts (Region III (Central Luzon) province), Iloilo district (Region IV (Southern Tagalog) province), Benguet, Abra, Mountain Province districts (Cordillera Administrative region (CAR) province), Catanduanes district (Region V (Bicol region) province), Zamboanga Del Sur district (Region IX (Zamboanga Peninsula) province), Region I (Ilocos region) province",Moderate,43,403230,0.40323,0,34452000.0,0.034452
2011-0378-PHL,Typhoon Quiel (Nalgae),2011,10.0,2010s,Post-2010,Luzon,"Cordillera Administrative region (CAR), Region I (Ilocos region), Region II (Cagayan Valley), Region III (Central Luzon) provinces",Catastrophic,25,1113775,1.113775,0,2655000.0,0.002655
2011-0379-PHL,Typhoon Pedring (Nesat),2011,9.0,2010s,Post-2010,Visayas,"Mindoro Occidental, Mindoro Oriental, Romblon districts (Region IV (Southern Tagalog) province), Albay, Camarines Norte, Camarines Sur, Catanduanes districts (Region V (Bicol region) province), Antique, Iloilo districts (Region VI (Western Visayas) province), Cordillera Administrative region (CAR), National Capital region (NCR), Region I (Ilocos region), Region II (Cagayan Valley), Region III (Central Luzon), Region IV-A (Calabarzon) province",Catastrophic,103,3030846,3.030846,0,344173000.0,0.344173
2011-0384-PHL,Tropical Storm Ramon (Banyan),2011,10.0,2010s,Post-2010,Mindanao,"Mindoro Oriental, Romblon districts (Region IV (Southern Tagalog) province), Capiz, Iloilo, Negros Occidental districts (Region VI (Western Visayas) province), Cebu district (Region VII (Central Visayas) province), Southern Leyte district (Region VIII (Eastern Visayas) province), Misamis Oriental district (Region X (Northern Mindanao) province), South Cotabato district (Region XII (Soccsksargen) province), Dinagat district (Region XIII (Caraga) province)",Minor,11,75638,0.075638,0,0.0,0.0
2011-0519-PHL,Tropical storm Washi (Sendong),2011,12.0,2010s,Post-2010,Mindanao,"Cagayan district (Region II (Cagayan Valley) province), Negros Oriental, Cebu districts (Region VII (Central Visayas) province), Zamboanga del Norte district (Region IX (Zamboanga Peninsula) province), Misamis Oriental, Lanao del Norte, Bukidnon districts (Region X (Northern Mindanao) province), Compostela district (Region XI (Davao Region) province), Surigao del Sur district (Region XIII (Caraga) province), Lanao del Sur district (Autonomous region in Muslim Mindanao (ARMM) province)",Catastrophic,1439,1150300,1.1503,0,38082000.0,0.038082
2011-0555-PHL,Typhoon Chedeng (Songda),2011,5.0,2010s,Post-2010,Mindanao,"Taguig city (Metropolitan Manila district, National Capital region (NCR) province), Isabela district (Region II (Cagayan Valley) province), Albay, Camarines Norte, Camarines Sur, Catanduanes, Sorsogon districts (Region V (Bicol region) province), Zamboanga del Sur district (Region IX (Zamboanga Peninsula) province), Bukidnon district (Region X (Northern Mindanao) province), Compostela, Davao del Norte districts (Region XI (Davao Region) province), Lanao del Sur, Maguindanao districts (Autonomous region in Muslim Mindanao (ARMM) province)",Moderate,0,446907,0.446907,0,431000.0,0.000431
2011-0576-PHL,Tropical Storm Haima (Egay),2011,6.0,2010s,Post-2010,Mindanao,"Autonomous region in Muslim Mindanao (ARMM), Cordillera Administrative region (CAR), National Capital region (NCR), Region I (Ilocos region), Region II (Cagayan Valley), Region III (Central Luzon), Region IV (Southern Tagalog) Region IV-A (Calabarzon), Region IX (Zamboanga Peninsula), Region V (Bicol region), Region VI (Western Visayas), Region VII (Central Visayas), Region VIII (Eastern Visayas), Region X (Northern Mindanao), Region XI (Davao Region), Region XII (Soccsksargen), Region XIII (Caraga) provinces",Minor,0,0,0.0,0,0.0,0.0
2012-0260-PHL,Tropical storm Gener (Saola),2012,7.0,2010s,Post-2010,Mindanao,"Ilocos Sur, Pangasinan districts (Region I (Ilocos region) province), Cagayan district (Region II (Cagayan Valley) province), Bataan, Bulacan, Nueva Ecija, Pampanga, Tarlac districts (Region III (Central Luzon) province), Batangas, Cavite, Laguna, Rizal district (Region IV-A (Calabarzon) province), Mindoro Occidental district (Region IV (Southern Tagalog) province), Aklan, Antique, Iloilo, Negros Occidental districts (Region VI (Western Visayas) province), Cebu district (Region VII (Central Visayas) province), Lanao del Norte, Misamis Oriental districts (Region X (Northern Mindanao) province), North Cotabato, South Cotabato districts (Region XII (Soccsksargen) province), Benguet, Ifugao, Kalinga, Mountain Province districts (Cordillera Administrative region (CAR) province), National Capital region (NCR) province",Severe,58,949086,0.949086,0,9821000.0,0.009821
2012-0294-PHL,TYphoon Kai-Tak,2012,8.0,2010s,Post-2010,Luzon,"Cordillera Administrative region (CAR), National Capital region (NCR), Region I (Ilocos region), Region II (Cagayan Valley), Region III (Central Luzon), Region IV-A (Calabarzon) provinces",Minor,4,0,0.0,0,3000000.0,0.003
2012-0296-PHL,Typhoon Igme (Tembin),2012,8.0,2010s,Post-2010,Luzon,La Union district (Region I (Ilocos region) province),Minor,11,5607,0.005607,0,99000.0,9.9e-05
2012-0374-PHL,Typhoon Lawin (Jelawat),2012,9.0,2010s,Post-2010,Mindanao,"Muntinlupa city (Metropolitan Manila district, National Capital region (NCR) province), Zamboanga del Norte district (Region IX (Zamboanga Peninsula) province)",Minor,4,7921,0.007921,0,0.0,0.0
2012-0406-PHL,Typhoon Son Tinh (Ofel),2012,10.0,2010s,Post-2010,Mindanao,"National Capital region (NCR), Region I (Ilocos region), Region III (Central Luzon), Region IV (Southern Tagalog), Region IV-A (Calabarzon), Region V (Bicol region), Region VI (Western Visayas), Region VII (Central Visayas), Region VIII (Eastern Visayas), Region XIII (Caraga) province",Moderate,36,108040,0.10804,0,1339000.0,0.001339
2012-0434-PHL,Typhoon Karen,2012,9.0,2010s,Post-2010,Luzon,"National Capital region (NCR), Region III (Central Luzon) provinces",Minor,1,1234,0.001234,0,0.0,0.0
2012-0463-PHL,Tropical Storm Marce (Gaemi),2012,10.0,2010s,Post-2010,Luzon,"Zambales district (Region III (Central Luzon) province), Mindoro Occidental district (Region IV (Southern Tagalog) province)",Minor,0,322,0.000322,0,0.0,0.0
2012-0500-PHL,Typhoon Bopha,2012,12.0,2010s,Post-2010,Mindanao,Region XI (Davao Region) province,Catastrophic,1901,6246664,6.246664,0,898352000.0,0.898352
2012-0540-PHL,Tropical storm Wukong (Quinta),2012,12.0,2010s,Post-2010,Visayas,"Region IV (Southern Tagalog), Region V (Bicol region), Region VI (Western Visayas), Region VII (Central Visayas), Region VIII (Eastern Visayas) provinces",Moderate,24,241606,0.241606,0,5526000.0,0.005526
2013-0036-PHL,Tropcal storm Auring,2013,1.0,2010s,Post-2010,Mindanao,"Palawan, Mindoro Oriental districts (Region IV (Southern Tagalog) province), Zamboanga Del Norte district (Region IX (Zamboanga Peninsula) province), Compostela, Davao del Norte districts (Region XI (Davao Region) province)",Minor,1,10597,0.010597,0,0.0,0.0
2013-0258-PHL,Typhoon Rumbia,2013,6.0,2010s,Post-2010,Visayas,"Region III (Central Luzon), Region VI (Western Visayas), Region VII (Central Visayas), Region VIII (Eastern Visayas) provinces",Minor,7,3596,0.003596,0,1000000.0,0.001
2013-0272-PHL,Tropical storm Utor (Labuyo),2013,8.0,2010s,Post-2010,Luzon,"Region I (Ilocos region), Region II (Cagayan Valley), Region III (Central Luzon) provinces",Moderate,18,395730,0.39573,0,32431000.0,0.032431
2013-0373-PHL,Typhoon Usagi (Odette),2013,9.0,2010s,Post-2010,Visayas,"Cordillera Administrative region (CAR), Region I (Ilocos region), Region II (Cagayan Valley), Region III (Central Luzon), Region IV-A (Calabarzon), Region IV (Southern Tagalog), Region V (Bicol region), Region VI (Western Visayas) provinces",Minor,5,72696,0.072696,0,0.0,0.0
2013-0378-PHL,Tropical depression Crising (Shanshan),2013,2.0,2010s,Post-2010,Mindanao,"Mindoro Oriental district (Region IV (Southern Tagalog) province), Leyte district (Region VIII (Eastern Visayas) province), Zamboanga del Norte district (Region IX (Zamboanga Peninsula) province), Bukidnon, Lanao del Norte districts (Region X (Northern Mindanao) province), North Cotabato, South Cotabato districts (Region XII (Soccsksargen) province), Agusan del Norte district (Region XIII (Caraga) province), Maguindanao district (Autonomous region in Muslim Mindanao (ARMM) province), Region VII (Central Visayas), Region XI (Davao Region) provinces",Moderate,6,262884,0.262884,0,1680000.0,0.00168
2013-0430-PHL,Tropical storm Nari (SAnti),2013,10.0,2010s,Post-2010,Luzon,"Nueva Vizcaya district (Region II (Cagayan Valley) province), Pangasinan district (Region I (Ilocos region) province), Region III (Central Luzon) province",Severe,20,871755,0.871755,0,96723000.0,0.096723
2013-0433-PHL,Typhoon Haiyan (Yolanda),2013,11.0,2010s,Post-2010,Visayas,"Samar, Leyte districts (Region VIII (Eastern Visayas) province), Cebu district (Region VII (Central Visayas) province), Iloilo, Capiz, Aklan districts (Region VI (Western Visayas) province), Palawan district (Region IV (Southern Tagalog) province)",Catastrophic,7354,16106870,16.10687,0,10000000000.0,10.0
2013-0437-PHL,Typhoon Krosa (Vinta),2013,10.0,2010s,Post-2010,Luzon,"Ilocos Norte district (Region I (Ilocos region) province), Cagayan district (Region II (Cagayan Valley) province), Apayao district (Cordillera Administrative region (CAR) province)",Moderate,4,220443,0.220443,0,4729000.0,0.004729
2014-0020-PHL,Tropical Depression Agaton ( (Lingling),2014,1.0,2010s,Post-2010,Mindanao,"North Cotabato, South Cotabato districts (Region XII (Soccsksargen) province), Autonomous region in Muslim Mindanao (ARMM), Region X (Northern Mindanao), Region XI (Davao Region), Region XIII (Caraga) provinces",Catastrophic,79,1148707,1.148707,0,12591000.0,0.012591
2014-0055-PHL,Topical storm Basyang (Kajiki),2014,1.0,2010s,Post-2010,Mindanao,"Antique, Negros Occidental districts (Region VI (Western Visayas) province), Cebu (Region VII (Central Visayas) province), Biliran, Leyte, Southern Leyte districts (Region VIII (Eastern Visayas) province), Agusan del Norte, Dinagat, Surigao del Norte districts (Region XIII (Caraga) province)",Minor,6,47740,0.04774,0,3200000.0,0.0032
2014-0227-PHL,Typhoon Rammasun (Glenda),2014,7.0,2010s,Post-2010,Visayas,"National Capital region (NCR), Region III (Central Luzon), Region IV-A (Calabarzon), Region IV (Southern Tagalog), Region V (Bicol region), Region VIII (Eastern Visayas) provinces",Catastrophic,111,4654966,4.654966,0,820576000.0,0.820576
2014-0240-PHL,Typhoon Henry (Matmo),2014,7.0,2010s,Post-2010,Unspecified,"Region II, Region IV-A, Region IV provinces",Minor,2,683,0.000683,0,0.0,0.0
2014-0330-PHL,Tropical strom Fung-Wong (Mario),2014,9.0,2010s,Post-2010,Luzon,"Dagupan, Lingayen areas (Pangasinan district, Region I (Ilocos region) province), Pampanga district (Region III (Central Luzon) province), Metropolitan Manila district (National Capital region (NCR) province)",Catastrophic,22,2052157,2.052157,0,75783000.0,0.075783
2014-0390-PHL,Typhoon Kalmaegi (Luis),2014,9.0,2010s,Post-2010,Visayas,"Ilocos Norte, La Union, Pangasinan districts (Region I (Ilocos region) province), Cagayan, Isabela, Nueva Vizcaya districts (Region II (Cagayan Valley) province), Negros Occidental district (Region VI (Western Visayas) province), Rizal district (Region IV-A (Calabarzon) province), Apayao, Benguet, Kalinga districts (Cordillera Administrative region (CAR) province), National Capital region (NCR), Region III (Central Luzon) provinces",Moderate,4,431086,0.431086,0,19183000.0,0.019183
2014-0474-PHL,Tropical storm 'Sinlaku' (Queenie),2014,11.0,2010s,Post-2010,Mindanao,"Palawan district (Region IV (Southern Tagalog) province), Negros Occidental district (Region VI (Western Visayas) province), Bohol, Cebu, Negros Oriental districts (Region VII (Central Visayas) province), Southern Leyte district (Region VIII (Eastern Visayas) province), Misamis Occidental, Misamis Oriental districts (Region X (Northern Mindanao) province), Davao del Sur district (Region XI (Davao Region) province), Dinagat, Surigao del Norte, Surigao del Sur districts (Region XIII (Caraga) province)",Minor,12,4695,0.004695,0,0.0,0.0
2014-0479-PHL,Typhoon 'Hagupit' (Ruby),2014,12.0,2010s,Post-2010,Mindanao,"Bataan district (Region III (Central Luzon) province), Agusan Del Norte, Agusan Del Sur, Surigao Del Sur, Surigao Del Norte districts (Region XIII (Caraga) province), National Capital region (NCR), Region IV (Southern Tagalog), Region IV-A (Calabarzon), Region V (Bicol region), Region VI (Western Visayas), Region VII (Central Visayas), Region VIII (Eastern Visayas) provinces",Catastrophic,18,4150400,4.1504,0,113878000.0,0.113878
2014-0497-PHL,Tropical storm 'Jangmi' (Seniang),2014,12.0,2010s,Post-2010,Mindanao,"Palawan district (Region IV (Southern Tagalog) province), Antique, Capiz, Negros Occidental districts (Region VI (Western Visayas) province), Bohol, Cebu, Siquijor districts (Region VII (Central Visayas) province), Leyte, Samar, Southern Leyte districts (Region VIII (Eastern Visayas) province), Zamboanga Del Sur district (Region IX (Zamboanga Peninsula) province), Bukidnon, Camiguin, Lanao del Norte, Misamis Oriental districts (Region X (Northern Mindanao) province), Compostela, Davao del Norte, Davao Oriental districts (Region XI (Davao Region) province), Region XIII (Caraga) province",Severe,72,578549,0.578549,0,17688000.0,0.017688
2015-0017-PHL,Tropical storm 'Amang' (Mekkhala),2015,1.0,2010s,Post-2010,Visayas,"Albay, Camarines Norte, Catanduanes, Sorsogon districts (Region V (Bicol region) province), Cebu district (Region VII (Central Visayas) province), Eastern Samar, Samar districts (Region VIII (Eastern Visayas) province)",Minor,2,21687,0.021687,0,1000000.0,0.001
2015-0105-PHL,Typhoon' Maysak',2015,4.0,2010s,Post-2010,Luzon,"Isabela district (Region II (Cagayan Valley) province), Aurora district (Region III (Central Luzon) province)",Minor,0,2761,0.002761,0,0.0,0.0
2015-0176-PHL,Typhoon Noul (Dodong),2015,5.0,2010s,Post-2010,Luzon,"Benito Soliven, Dinapigue, Dilvilacan, Maconacon, Palanan areas (Isabela district, Region II (Cagayan Valley) province), Aparri, Buguey, Calayan, Gonzaga, Santa Ana, Santa Teresita areas (Cagayan district, Region II (Cagayan Valley) province)",Minor,2,523,0.000523,0,348000.0,0.000348
2015-0244-PHL,Typhoon Chan-Home,2015,7.0,2010s,Post-2010,Luzon,"Cordillera Administrative region (CAR), Region I (Ilocos region), Region II (Cagayan Valley) provinces",Catastrophic,5,14100,0.0141,3300,1500000000.0,1.5
2015-0278-PHL,Tropical cyclone Linfa (Egay),2015,7.0,2010s,Post-2010,Luzon,"Ilocos Norte, Ilocos Sur, La Union districts (Region I (Ilocos region) province), Palawan district (Region IV (Southern Tagalog) province), Benguet, Abra, Kalinga districts (Cordillera Administrative region (CAR) province)",Minor,0,55567,0.055567,0,2218000.0,0.002218
2015-0339-PHL,Typhoon 'Soudelor' (Hanna),2015,8.0,2010s,Post-2010,Mindanao,"Janiuary area (Iloilo district, Region VI (Western Visayas) province), Valladolid area (Negros Occidental district, Region VI (Western Visayas) province), San Lorenzo area (Guimaras district, Region VI (Western Visayas) province), Bayawan, Siaton areas (Negros Oriental district, Region VII (Central Visayas) province), Kapatagan, Laia, Sapad areas (Lanao Del Norte district, Region X (Northern Mindanao) province)",Minor,0,3843,0.003843,0,0.0,0.0
2015-0371-PHL,Typhoon Goni (Ineng),2015,8.0,2010s,Post-2010,Luzon,"Ilocos Norte, Ilocos Sur districts (Region I (Ilocos region) province), Region II (Cagayan Valley), Cordillera Administrative region (CAR) provinces",Moderate,40,318383,0.318383,0,30299000.0,0.030299
2015-0462-PHL,Typhoon Koppu (Lando),2015,10.0,2010s,Post-2010,Luzon,"Camarines Norte, Catanduanes districts (Region V (Bicol region) province), Cordillera Administrative region (CAR), National Capital region (NCR) province, Region I (Ilocos region), Region II (Cagayan Valley), Region III (Central Luzon), Region IV-A (Calabarzon) provinces",Catastrophic,51,2898590,2.89859,0,210985000.0,0.210985
2015-0490-PHL,Typhoon Mujigae,2015,10.0,2010s,Post-2010,Luzon,"Benguet district (Cordillera Administrative region (CAR) province), La Union, Pangasinan districts (Region I (Ilocos region) province), Aurora, Bulacan, Nueva Ecija districts (Region III (Central Luzon) province)",Minor,2,3500,0.0035,0,1300000.0,0.0013
2015-0543-PHL,Typhoon Melor (Nona),2015,12.0,2010s,Post-2010,Visayas,"Nueva Vizcaya district (Region II (Cagayan Valley) province), Quezon, Batangas districts (Region IV-A (Calabarzon) province), Marinduque, Mindoro Oriental, Mindoro Occidental, Romblon districts (Region IV (Southern Tagalog) province), Catanduanes, Albay, Masbate, Sorsogon districts (Region V (Bicol region) province), Biliran districts (Region VII (Central Visayas) province), Samar, Northern Samar districts (Region VIII (Eastern Visayas) province), Quezon City area (Metropolitan Manila district, National Capital region (NCR) province)",Severe,46,287251,0.287251,0,135217000.0,0.135217
2016-0256-PHL,Typhoon Butchoy (Nepartak),2016,7.0,2010s,Post-2010,Luzon,"Zambales, Battan (Region III); Rizal, Batangas (Region IV)",Minor,2,3359,0.003359,0,0.0,0.0
2016-0342-PHL,Typhoon Ferdie (Meranti),2016,9.0,2010s,Post-2010,Luzon,"Ilocos Norte district (Region I (Ilocos region) province), Batanes, Cagayan districts (Region II (Cagayan valley) province)",Minor,0,16648,0.016648,0,4913000.0,0.004913
2016-0363-PHL,Typhoon Karen (Sarika),2016,10.0,2010s,Post-2010,Luzon,"Pangasinan district (Region I (Ilocos region) province), Nueva Vizcaya, Quirino, Isabela districts (Region II (Cagayan valley) province), Aurora, Bulacan, Nueva Ecija, Zambales districts (Region III (Central Luzon) province), Quezon, Rizal, Laguna, Cavite, Batangas districts (Region IV-A (Calabarzon) province), Albay, Catanduanes, Camarines Sur, Camarines Norte, Sorsogon districts (Region V (Bicol region) province)",Minor,0,52270,0.05227,0,11490000.0,0.01149
2016-0364-PHL,Typhoon Lawin (Haima),2016,10.0,2010s,Post-2010,Luzon,"Ilocos Norte, Ilocos Sur, La Union, Pangasinan districts (Region I (Ilocos region) province), Cagayan, Isabela, Nueva Vizcaya, Quirino districts (Region II (Cagayan valley) province), Aurora, Bataan, Bulacan, Nueva Ecija, Pampanga, Tarlac, Zambales districts (Region III (Central Luzon) province), Batangas, Quezon, Rizal districts (Regio IV-A (Calabarzon) province), Camarines Norte, Sorgoson (Region V (Bicol region) province)), Abra, Apayao, Benguet, Ifugao, Kalinga, Mountain province (Cordillera Administrative region (CAR))",Severe,8,981154,0.981154,0,50690000.0,0.05069
2016-0456-PHL,Tropical storm Marce (Tokage),2016,11.0,2010s,Post-2010,Mindanao,"Romblon, Mindoro Oriental (Region IV (Southern Tagalog) province), Antique, Capiz, Aklan, Iloilo (Region VI (Western Visayas) province), Leyte (Region VIII (Eastern Visayas) province), Surigao del Sur, Surigao del Norte, Dinagat (Region XIII (Caraga) province)",Minor,0,14309,0.014309,0,0.0,0.0
2016-0490-PHL,Typhoon Helen (Megi),2016,9.0,2010s,Post-2010,Luzon,"Meycauayan city, Marilao, Sta. Maria (Bulacan province)",Minor,0,1559,0.001559,0,0.0,0.0
2016-0503-PHL,Typhoon 'Nina' (Nock-Ten),2016,12.0,2010s,Post-2010,Visayas,"Batangas, Cavite, Laguna, Quezon, Rizal (Calabarzon); Mariduque, Mindoro Occidental (Mimaropa); Albay, Camarines Norte, Camarines Sur, Catanduanes , Masbate, Sorsogon (Region V, Bicol region); Northern Samar (Region VIII, Eastern Visayas)",Catastrophic,24,1893404,1.893404,0,103661000.0,0.103661
2017-0142-PHL,Tropical depression 02W (Crising),2017,4.0,2010s,Post-2010,Visayas,"Cebu Isl. (Carmen, Danao City)",Minor,10,860,0.00086,0,2000000.0,0.002
2017-0326-PHL,Typhoon Nesat & Haitang,2017,7.0,2010s,Post-2010,Luzon,"National Capital Region (Valenzuela, Quezon, Manila, Malabon, Paranaque, Makati), Ilocos (Pangasinan, La Union, Ilocos Norte, Ilocos Sur), Central Luzon (Balagtas, Meycauayan, Marilao-Bulacan, MacabebeBrgy. Sto. Rosario - City of San Fernando -Pampanga), Calabarzon (Cavite, Rizal), Cordillera Administrative Region (CAR) (Benguet, Baguio city, Abra,Mt Province, Ifugao)",Minor,0,7339,0.007339,0,174920.0,0.00017492
2017-0406-PHL,Typhoon 'Doksuri',2017,9.0,2010s,Post-2010,Luzon,"Central Luzon, Calabarzon (Laguna, Quezon, Cavite, Rizal), the National Capital region (Metro Manila)",Moderate,26,9110,0.00911,1645,5300000.0,0.0053
2017-0422-PHL,Typhoon 'Damrey' / 'Ramil',2017,11.0,2010s,Post-2010,Luzon,"southern Luzon: Batangas (San Juan town), Palawan (Busuanga town), Camarines Sur (Barangay Sibaguan near Sagnay town, Lagonoy), Albay, Camarines Norte (Vinzons, Mercedes), Oriental Mindoro (Calapan city), Laguna - Calabarzon, Mimaropa, and Bicol Regions",Minor,6,305,0.000305,0,0.0,0.0
2017-0432-PHL,Typhoon 'Lan'/'Paolo',2017,10.0,2010s,Post-2010,Mindanao,"Mimaropa (Puerto Princesa City, Palawan), Western Visayas (Negros occidental), Central Visayas (Negros oriental, Siquijor), Zamboanga peninsula (Zamboanga city, Zamboanga del Norte, Zamboanga del Sur, Zamboanga del Sibugay), Caraga (Agusan del Norte), the Autonomous Region of Muslim Mindanao (Maguindanao), Soccksargen (Sultan Kudarat) regions",Moderate,9,163349,0.163349,0,3400000.0,0.0034
2017-0485-PHL,Tropical storm 'Pakhar'/'Jolina',2017,8.0,2010s,Post-2010,Luzon,"Ilocos, Cagayan Valley, Central Luzon, Cordillera Regions",Minor,0,3400,0.0034,0,0.0,0.0
2018-0004-PHL,Agaton (01W),2018,1.0,2010s,Post-2010,Mindanao,"Aklan, Capiz (Region VI); Bohol, Cebu (Region VII); Camiguin, Lanao del NOrte, Misamis Oriental (Region X); Agusan del NOrte, Dinagat Isl., Surigao del Norte , Surigao del Sur (Caraga)",Minor,3,83917,0.083917,0,12292000.0,0.012292
2018-0044-PHL,Tropical storm 'Basyang' (Sanba),2018,2.0,2010s,Post-2010,Mindanao,"Palawan (Mimaropa); Capiz, Iloilo, Negros occidental (Region IV - Western Visayas); Bohol, Cebu, Negros Oriental, Siquijor (Region VII - Central Visayas); Biliran, Eastern Samar, Leyte, Samar, Southern Leyte (Region VII - Eastern Visayas); Agusan del Norte, Dinagat Isl., Surigao del Norte, Surigao del Sur (REgion XIII - Caraga)",Moderate,0,254859,0.254859,0,3070000.0,0.00307
2018-0227-PHL,Tyhoon 'Son Tinh',2018,7.0,2010s,Post-2010,Unspecified,,Catastrophic,16,2231101,2.231101,0,88000000.0,0.088
2018-0341-PHL,Typhoon Mangkut (Ompong),2018,9.0,2010s,Post-2010,Luzon,"Apayao, Benguet, Cagayan, Kalinga, Isabela, Abra, Ilocos Norte and Ilocos Sur",Catastrophic,84,3800138,3.800138,0,32033000.0,0.032033
2018-0347-PHL,Tropical Storm Yagi,2018,9.0,2010s,Post-2010,Luzon,"I, III, CAR, NCR, and CALABARZON",Catastrophic,5,1709511,1.709511,0,19000000.0,0.019
2018-0399-PHL,Typhoon 'Yutu' (Rosita),2018,10.0,2010s,Post-2010,Visayas,"Ilocos norte, Ilocos Sur, la Union, Pangasinan (Region 1 - Ilocos); Cagayan, Isabela, Nueva Vizcaya, Quirino (Region II - Cagayan Valley); Aurora, Nueva Ecija, Tarlac, Zambales (Region III - Central Luzon); Northern Samar (REgion VIII - Eastern Visayas); Abra, Apayao, Benguet, Ifugao, Kalinga, Mountain province (CAR)",Severe,12,253300,0.2533,0,305000000.0,0.305
2018-0455-PHL,Tropical depression 'Usman',2018,12.0,2010s,Post-2010,Visayas,"Regions IV-A (Calabarzon), IV-B (Mimaropa), V (Bicol), and VIII (Eastern Visayas)",Catastrophic,182,1016063,1.016063,0,106753000.0,0.106753
2019-0021-PHL,Tropical depression 'Amang' (01W),2019,1.0,2010s,Post-2010,Mindanao,"Agusan del Norte, Agisan del Sur, Dinaga Isl., Surigao del Norte, Surigao del Sur (Region XIII - Caraga)",Minor,0,13160,0.01316,0,0.0,0.0
2019-0349-PHL,Tropical cyclone 'Danas',2019,7.0,2010s,Post-2010,Luzon,"Cordillera Administrative Region, Ilocos, Cagayan Valley",Severe,4,2000,0.002,0,377440000.0,0.37744
2019-0434-PHL,Tropical cyclone 'Podul',2019,8.0,2010s,Post-2010,Luzon,Aurora Province,Minor,2,61502,0.061502,0,0.0,0.0
2019-0541-PHL,Tropical cyclone 'Kalmaegi' (Ramon),2019,11.0,2010s,Post-2010,Luzon,"Romblon Province (Mimaropa region), Camarines Sur Province (Bicol Region)",Minor,0,3000,0.003,0,0.0,0.0
2019-0549-PHL,Tropical cyclone 'Nakri',2019,11.0,2010s,Post-2010,Luzon,"Cagayan province, north Luzon Island",Moderate,19,673,0.000673,0,36000000.0,0.036
2019-0573-PHL,Tropical cyclone 'Kammuri' (Tisoy),2019,12.0,2010s,Post-2010,Mindanao,"Aurora, Pampanga, Bataan, Bulacan, Zambales (Region III); Batangas, Cavite, Laguna, Quezon (Calanarzon); Marinduqe, Oriental Mindoro, Occidental Mindoro, Romblon (Mimaropa); Albay, Camarines Norte, Camarines Sur, Catanduanes, Masbate, Sorgoson (Region V); Northern Samar, Eastern Samar, Western Samar, (Region VIII); Surigao del Sur (Caraga); Mountain province (CAR)",Catastrophic,4,2647558,2.647558,342165,109151000.0,0.109151
2019-0634-PHL,Tropical cyclone 'Phanfone' (Ursula),2019,12.0,2010s,Post-2010,Visayas,"Salcedo, Eastern Samar; Tacloban City, Leyte; Gigantes Islands, Carles, Iloilo; Ibajay, Aklan; Semirara Island, Caluya, Antique; Bulalacao, Oriental Mindoro; Cabucgayan, Biliran; Cagayan Valley, Cordillera Administrative Region",Catastrophic,63,3297246,3.297246,0,15722000.0,0.015722
2020-0203-PHL,Tropical Cyclone 'Vongfong' (Ambo),2020,5.0,2020s,Post-2010,Visayas,"Calabazon, Eastern Visayas, Cordillera Administrative Region provinces",Severe,5,578740,0.57874,0,31100000.0,0.0311
2020-0452-PHL,Tropical depression 'Ofel',2020,10.0,2020s,Post-2010,Visayas,"Visayas, Bicol, northern Mimaropa, southern Calabarzon Provinces",Minor,3,250,0.00025,0,187000.0,0.000187
2020-0463-PHL,Typhoon 'Goni' (Rolly),2020,10.0,2020s,Post-2010,Luzon,"Calabarzon, Mimaropa, Bicol Regions; NCR, II, III, V, VIII, CAR regions",Catastrophic,31,3356394,3.356394,0,503294000.0,0.503294
2020-0470-PHL,Typhoon 'Molave' (Quinta),2020,10.0,2020s,Post-2010,Unspecified,"Regions III, CALABARZON, MIMAROPA, V, VI, VII and VIII",Severe,31,888415,0.888415,0,87100000.0,0.0871
2020-0501-PHL,Tyhoon 'Ulysses' (Vamco),2020,11.0,2020s,Post-2010,Luzon,"National Capital Region, Quezon, Rizal province",Severe,111,514909,0.514909,0,421000000.0,0.421
2020-0558-PHL,Tropical depression 'Vicky' (Krovanh),2020,12.0,2020s,Post-2010,Mindanao,"Mindanao Island, Leyte Province (Eastern Visayas), Cagayan Valley (north-eastern Luzon Island), Isabela Province (Luzon)",Minor,9,36032,0.036032,0,2293000.0,0.002293
2021-0091-PHL,Tropical storm 'Dujuan' (Auring),2021,2.0,2020s,Post-2010,Mindanao,Caraga Region (northern Mindanao) and Eastern Visayas Region,Moderate,5,272453,0.272453,0,3114000.0,0.003114
2021-0236-PHL,Tropical cyclone 'Surigae',2021,4.0,2020s,Post-2010,Mindanao,"Cagayan Valley, Bicol, Eastern Visayas and Caraga Regions",Moderate,9,15000,0.015,0,20000000.0,0.02
2021-0339-PHL,Tropical storm 'Choi-Wan',2021,6.0,2020s,Post-2010,Unspecified,,Minor,11,21000,0.021,0,11000000.0,0.011
2021-0595-PHL,Tropical cyclone 'Conson' (Jolina),2021,9.0,2020s,Post-2010,Visayas,"Mimaropa, Bicol, Western Visayas, Eastern Visayas, Central Luzon, Western Calabarzon, NCR",Moderate,17,313397,0.313397,0,0.0,0.0
2021-0664-PHL,Tropical cyclone 'Lionrock' (Lannie),2021,10.0,2020s,Post-2010,Visayas,"MIMAROPA and Western Visayas Regions, Capiz, Guimaras, Iloilo (Region VI)",Minor,3,8048,0.008048,0,240000.0,0.00024
2021-0670-PHL,Tropical cyclone 'Kompasu' (Maring),2021,10.0,2020s,Post-2010,Mindanao,"Sur Province (north-western Luzon), Palawan Province (central-western Philippines) Pangasinan Province (central-western Luzon); Regions I, II, III, MIMAROPA, CALABARZON, VI, VIII, CARAGA, Cordillera Administrative Region (CAR) and National Capital Region (NCR)",Catastrophic,59,1140539,1.140539,0,75610000.0,0.07561
2021-0813-PHL,Typhoon 'Rai' (Odette),2021,12.0,2020s,Post-2010,Mindanao,"Eastern Visayas, Northern Mindanao, Davao, Caraga, Surigao del Norte, Dinagat Islands, Southern Leyte, Bohol, Cebu, Negros Oriental, Palawan, Iliolo",Catastrophic,457,10608996,10.608996,0,915271000.0,0.915271
2022-0204-PHL,Tropical storm 'Megi' (Agaton),2022,4.0,2020s,Post-2010,Mindanao,"Davao Region, Northern Mindanao, Leyte, Southern Leyte,Negros Occidental and Iloilo provinces",Catastrophic,346,2298788,2.298788,0,41556000.0,0.041556
2022-0547-PHL,Tropical Cyclone 'Ma-On' (Florita),2022,8.0,2020s,Post-2010,Luzon,"Ilocos, Cagayan Valley, Cordillera Administrative Region (CAR), Bicol, and Calabarzon",Minor,0,7616,0.007616,0,0.0,0.0
2022-0665-PHL,Tropical depression 'Maymay',2022,10.0,2020s,Post-2010,Luzon,"Cagayan Valley (the worst-hit), Cordillera Administrative Region (CAR) and Calabarzon",Minor,0,7000,0.007,0,18000000.0,0.018
2022-0680-PHL,Tropical cyclone 'Nesat',2022,10.0,2020s,Post-2010,Luzon,Luzon,Moderate,0,103602,0.103602,0,0.0,0.0
2022-0707-PHL,Storm 'Nalgae' (Paeng),2022,10.0,2020s,Post-2010,Mindanao,"Cotabato; Datu Blah Sinsuat (Mindanao Isl.); Virac, Catanduanes, Caramoan, Camarines Sur, Buenavista, Quezon, Santa Cruz, Marinduque, San Juan, Batangas; Region III (Central Luzon), Region VI (Western Visayas), Region VII (Central Visayas), National Capital region (NCR)",Catastrophic,158,3323291,3.323291,0,45569000.0,0.045569
2023-0246-PHL,Tropical Depression 'Amang',2023,4.0,2020s,Post-2010,Mindanao,"Calabarzon, Mimaropa, Bicol, Davao and Zamboanga Peninsula",Moderate,0,136149,0.136149,0,222000.0,0.000222
2023-0300-PHL,Typhoon 'Mawar',2023,5.0,2020s,Post-2010,Visayas,"Ilocos Region, Cagayan Valley, Central Luzon, Western Visayas, CAR and MIMAROPA.",Minor,1,30501,0.030501,0,0.0,0.0
2023-0450-PHL,Tropical cyclone 'Talim',2023,7.0,2020s,Post-2010,Luzon,Northern Luzon,Minor,2,450,0.00045,0,0.0,0.0
2023-0464-PHL,Tropical cyclone 'Doksuri' (Egay),2023,7.0,2020s,Post-2010,Luzon,"Luzon Isl., Region 3, 1 (Ilocos), 6, 2 (Cagayan), 12, 5, 11 and 10, CAR, Mimaropa, NCR, Calabarzon, BARMM",Catastrophic,39,5385237,5.385237,0,284256000.0,0.284256
2023-0568-PHL,Typhoon 'Saola',2023,8.0,2020s,Post-2010,Unspecified,,Severe,4,900003,0.900003,0,33000000.0,0.033
2023-0623-PHL,Typhoon 'Koinu',2023,10.0,2020s,Post-2010,Luzon,"Luzon, Batanes and the Babuyan Islands",Minor,0,275,0.000275,0,0.0,0.0
2023-0842-PHL,Tropical storm 'Jelawat' (Kabayan),2023,12.0,2020s,Post-2010,Mindanao,"Davao, Northern Mindanao, Caraga, Mimaropa, Western Visayas and Eastern Visayas)",Moderate,1,425867,0.425867,0,42000.0,4.2e-05
2024-0337-PHL,Tropical cyclone 'Ewiniar' (Aghon),2024,5.0,2020s,Post-2010,Visayas,"Cagayan Valley, Central Luzon, Calabarzon, Mimaropa, Bicol, and Eastern and Central Visayas.",Moderate,6,52008,0.052008,0,20000000.0,0.02
2024-0522-PHL,Typhoon 'Gaemi' (Carina) and 'Butchoy' (Prapiroon),2024,7.0,2020s,Post-2010,Luzon,"Metro Manilla, Batangas, Cavite, Pampanga and Bulacan provinces; Regions NCR, I, II, III, CALABARZON, MIMAROPA, V, VI, VII, X, and CAR",Catastrophic,53,6498934,6.498934,0,211000000.0,0.211
2024-0654-PHL,Typhoon 'Yagi' (Enteng),2024,9.0,2020s,Post-2010,Visayas,"Luzon Isl., Isabela province, Visayas",Catastrophic,33,3000022,3.000022,0,33000000.0,0.033
2024-0666-PHL,Typhoon 'Bebinca',2024,9.0,2020s,Post-2010,Unspecified,,Moderate,12,203011,0.203011,0,0.0,0.0
2024-0695-PHL,Tropical depression 'Soulik',2024,9.0,2020s,Post-2010,Unspecified,,Moderate,38,95013,0.095013,0,0.0,0.0
2024-0711-PHL,Tropical cyclone 'Krathon' (Julian),2024,9.0,2020s,Post-2010,Luzon,Northern Luzon island,Moderate,4,219008,0.219008,0,11000000.0,0.011
2024-0777-PHL,Tropical cyclone 'Trami' (Kristine),2024,10.0,2020s,Post-2010,Mindanao,"Luzon, Visayas and northern Mindanao, Camarines Sur, Camarines Norte, Albay, Masbate (Region 5 (Bicol), and Batangas, Laguna, Cavite, and Quezon in Region 4A (Calabarzon)",Catastrophic,191,9652739,9.652739,0,373000000.0,0.373
2024-0801-PHL,Typhoon 'Kong-Rey' (Leon),2024,10.0,2020s,Post-2010,Unspecified,,Minor,0,0,0.0,0,0.0,0.0
2024-0825-PHL,Typhoon 'Yinxing' (Marce),2024,11.0,2020s,Post-2010,Luzon,Northern Luzon,Moderate,1,375001,0.375001,0,10000000.0,0.01
2024-0829-PHL,Typhoon 'Toraji' (Nika),2024,11.0,2020s,Post-2010,Luzon,"Aurora, Isabela provinces",Moderate,0,310002,0.310002,0,10000000.0,0.01
2024-0855-PHL,Typhoon 'Man-yi' (Pepito),2024,11.0,2020s,Post-2010,Luzon,"Cagayan, Ilocos, Central Luzon, Calabarzon, Bicol",Catastrophic,15,3967014,3.967014,0,100000000.0,0.1
